ID,Date,AM_PM_Trip,Origin_Type,Origin,Origin_Type,Destination_Type,Destination,Destination_Type,Origin_Access_Mode,1st_Before_Transfer,1st_Before_Transfer_Agency,Destination_Egress_Mode,Employment_status,Work,Student_Status,School,Work_Before_or_After_Trip,Work_After_Trip,Work_Before_Trip,School_Before_or_After_Trip,School_After_Trip,School_Before_Trip,Time_Left_Home,Time_Return_Home,Fare_Payment_(Ticket),Fare_Payment_Other,Fare_Type,Fare_Type_Other,Driver's_License,#_of_Employed_in_Household,#_of_Employed_in_Household_Other,#_of_Drivable_Veh._in_House,#_of_Drivable_Veh._in_House_Other,Year_of_Birth,"Hispanic,_Latino,_or_of_Spanish_Origin_",Race_Ethnicity,Other_Ethnicity,Language_Other_Than_English,Language,Other_Language,English_Fluency,Total_Household_Income,Gender,Weight,#_of_Transfers_
144162,04/09/2014,2,1,Origin,Work,3,Dest,Home,4,2,,3,,,1,,,2,,,,,2,14,4,,2,,1,3,,4,,48,3,1,,2,,,,6,1,8.3158,1
144163,04/09/2014,2,1,Origin,Work,3,Dest,Home,1,2,,3,,,1,,,2,,,,,5,14,4,,1,,1,2,,2,,76,2,3,,1,12,Telugu,1,7,1,9.875,1
144164,04/09/2014,2,1,Origin,Work,3,Dest,Home,4,1,8,3,,,1,,,2,,,,,2,15,3,,1,,1,7,7,3,,52,3,1,,2,,,,7,1,4.9286,2
144165,04/09/2014,2,1,Origin,Work,3,Dest,Home,1,2,,3,,,1,,,2,,,,,1,15,3,,1,,1,2,,4,,55,2,1,,2,,,,7,1,5.7368,1
144166,04/09/2014,2,1,Origin,Work,3,Dest,Home,4,1,8,3,,,1,,,2,,,,,2,15,4,,1,,1,2,,2,,86,1,7,Mexican American,2,,,,1,2,6.7234,2
144167,04/09/2014,2,1,Origin,Work,3,Dest,Home,1,1,8,3,,,1,,,2,,,,,2,16,3,,1,,1,5,,4,,67,2,1,,2,,,,6,1,6.7234,2
144168,04/09/2014,2,1,Origin,Work,3,Dest,Home,3,2,,3,,,1,,,2,,,,,4,15,4,,1,,1,2,,5,4,72,2,1,,2,,,,8,1,8.4694,1
144169,04/09/2014,2,1,Origin,Work,3,Dest,Home,1,1,8,3,,,1,,,2,,,,,2,15,4,,1,,1,3,,3,,69,1,7,Mexican American,1,1,,1,6,2,6.7234,2
144170,04/09/2014,2,1,Origin,Work,3,Dest,Home,1,1,13,5,,,1,,,2,,,,,2,17,3,,1,,1,3,,2,,77,2,1,,2,,,,7,1,8.5,3
144171,04/09/2014,2,1,Origin,Work,3,Dest,Home,2,2,,2,,,1,,,2,,,,,2,16,3,,2,,1,3,,4,,48,2,1,,2,,,,5,1,6.7234,1
144172,04/09/2014,2,1,Origin,Work,3,Dest,Home,4,2,,3,,,1,,,2,,,,,2,16,3,,1,,1,3,,3,,62,2,1,,1,8,,1,6,1,9.3684,2
144173,04/15/2014,1,3,Origin,Home,1,Dest,Work,1,2,,1,,,1,,,,2,,,,1,16,1,,1,,1,2,,2,,86,2,2,,2,,,,4,1,5.9333,1
144177,04/15/2014,1,3,Origin,Home,1,Dest,Work,3,2,,4,,,1,,,,,,,,1,14,4,,1,,1,2,,5,4,59,2,2,,2,,,,6,1,6.7234,1
144179,04/15/2014,1,3,Origin,Home,1,Dest,Work,3,2,,1,,,1,,,,2,,,,1,15,2,,1,,1,4,,4,,64,2,2,,2,,,,6,1,8.4694,2
144181,04/15/2014,1,3,Origin,Home,1,Dest,Work,1,2,,1,,,1,,,,2,,,,2,14,4,,1,,1,2,,2,,69,3,1,,2,,,,5,1,5.7368,1
144184,04/15/2014,1,3,Origin,Home,1,Dest,Work,1,2,,1,,,1,,,,2,,,,2,14,4,,1,,1,3,,3,,76,2,3,,2,,,,6,2,9.8636,2
144185,04/16/2014,1,3,Origin,Home,1,Dest,Work,5,2,,1,,,1,,,,2,,,,2,13,4,,1,,1,3,,3,,51,2,5,,2,,,,7,2,5.9333,2
144186,04/16/2014,1,3,Origin,Home,1,Dest,Work,3,2,,1,,,1,,,,2,,,,2,13,3,,1,,1,3,,3,,68,2,2,,2,,,,7,1,5.9333,2
144193,04/16/2014,1,3,Origin,Home,1,Dest,Work,3,2,,1,,,1,,,,2,,,,2,13,3,,2,,1,3,,3,,0,2,1,,2,,,,10,2,6.7234,2
144194,04/16/2014,1,3,Origin,Home,1,Dest,Work,3,2,,1,,,1,,,,2,,,,3,14,3,,1,,1,2,,3,,52,2,2,,2,,,,7,2,10.5333,2
144195,04/16/2014,1,3,Origin,Home,1,Dest,Work,3,2,,1,,,1,,,,2,,,,3,13,4,,1,,1,2,,2,,61,2,2,,2,,,,5,2,8.4694,2
144197,04/16/2014,1,3,Origin,Home,1,Dest,Work,3,2,,1,,,1,,,,2,,,,4,13,4,,1,,1,2,,5,7,64,2,1,,2,,,,8,1,5.52,2
144198,04/16/2014,1,3,Origin,Home,1,Dest,Work,3,2,,1,,,1,,,,2,,,,3,14,4,,1,,1,3,,3,,60,2,1,,2,,,,7,2,5.7368,3
144201,04/16/2014,1,3,Origin,Home,1,Dest,Work,3,2,,3,,,1,,,,2,,,,3,14,3,,1,,1,2,,5,5,62,2,1,,1,12,Arabic,1,8,1,5.7368,1
144202,04/16/2014,1,3,Origin,Home,1,Dest,Work,5,2,,1,,,1,,,,2,,,,3,15,4,,5,Employer Discount (SJSU),1,3,,3,,81,2,3,,2,,,,6,2,9.9167,2
144210,04/17/2014,1,3,Origin,Home,1,Dest,Work,5,2,,1,,,1,,,,2,,,,3,16,3,,1,,1,3,,3,,75,2,3,,1,6,,1,7,2,5.9333,2
144211,04/17/2014,1,3,Origin,Home,1,Dest,Work,3,2,,1,,,1,,,,2,,,,2,16,4,,3,,1,3,,4,,70,2,2,,2,,,,6,2,5.9333,2
144215,04/17/2014,1,3,Origin,Home,1,Dest,Work,3,2,,1,,,1,,,,2,,,,3,16,2,,1,,1,4,,3,,65,1,7,Hispanic,2,,,,6,1,6.7234,2
144217,04/17/2014,1,3,Origin,Home,1,Dest,Work,3,2,,1,,,1,,,,2,,,,4,15,3,,1,,1,2,,2,,61,2,1,,2,,,,6,1,11.2,2
144218,04/17/2014,1,3,Origin,Home,1,Dest,Work,3,2,,1,,,1,,,,2,,,,3,14,3,,1,,1,2,,3,,66,2,1,,2,,,,5,1,11.2,2
144220,04/17/2014,1,3,Origin,Home,1,Dest,Work,3,2,,1,,,1,,,,2,,,,4,14,3,,1,,1,2,,4,,60,2,1,,2,,,,7,2,5.52,2
144221,04/17/2014,1,3,Origin,Home,1,Dest,Work,3,2,,1,,,1,,,,2,,,,4,15,4,,1,,1,3,,4,,83,2,1,,2,,,,6,2,5.7368,2
149226,04/09/2014,2,1,Origin,Work,3,Dest,Home,1,1,13,3,,,1,,,2,,,,,1,15,3,,1,,1,3,,4,,77,1,7,Hispanic,2,,,,7,1,4.9286,2
149227,04/09/2014,2,1,Origin,Work,3,Dest,Home,1,1,8,3,,,1,,,2,,,,,3,15,3,,1,,1,3,,3,,0,1,7,Hispanic,1,1,,2,10,2,4.9286,2
149228,04/09/2014,2,1,Origin,Work,3,Dest,Home,1,1,8,3,,,1,,,2,,,,,3,15,4,,1,,1,5,,3,,0,2,1,,2,,,,10,1,8.4694,2
149229,04/09/2014,2,1,Origin,Work,3,Dest,Home,1,2,,3,,,1,,,2,,,,,3,15,4,,5,Employer Discount (SJSU),1,3,,3,,81,2,3,,1,3,,1,6,2,9.9167,1
149230,04/09/2014,2,1,Origin,Work,3,Dest,Home,1,2,,3,,,1,,,2,,,,,1,15,3,,1,,1,5,,3,,0,2,3,,1,6,,2,6,1,9.3684,1
149231,04/09/2014,2,1,Origin,Work,3,Dest,Home,4,2,,3,,,1,,,2,,,,,4,15,4,,1,,1,3,,3,,51,2,2,,2,,,,5,2,11.2,1
149232,04/09/2014,2,1,Origin,Work,3,Dest,Home,1,1,8,3,,,1,,,2,,,,,1,15,4,,1,,1,2,,2,,77,2,1,,2,,,,4,1,8.4694,2
149233,04/09/2014,2,1,Origin,Work,3,Dest,Home,3,2,,3,,,1,,,2,,,,,2,15,3,,1,,1,5,,5,5,63,2,3,,2,,,,6,2,10.5333,1
149234,04/09/2014,2,1,Origin,Work,3,Dest,Home,1,2,,3,,,1,,,2,,,,,3,15,3,,1,,1,3,,4,,75,2,3,,1,12,Punjabi,1,7,2,6.2683,1
149236,04/10/2014,2,1,Origin,Work,3,Dest,Home,5,2,,5,,,1,,,2,,,,,2,17,1,,1,,2,2,,3,,88,1,6,,1,1,,1,3,2,8.5,1
149237,04/10/2014,2,1,Origin,Work,3,Dest,Home,1,1,13,5,,,1,,,2,,,,,3,15,4,,1,,1,3,,3,,0,2,1,,2,,,,10,1,8.3158,2
149238,04/10/2014,2,1,Origin,Work,3,Dest,Home,1,1,8,3,,,1,,,2,,,,,2,18,3,,1,,1,3,,5,10,66,2,1,,2,,,,8,2,5.7368,2
149239,04/10/2014,2,1,Origin,Work,3,Dest,Home,1,2,,3,,,1,,,2,,,,,4,15,3,,1,,1,3,,3,,73,2,5,,2,,,,8,2,9.8636,1
149240,04/10/2014,2,1,Origin,Work,3,Dest,Home,3,2,,3,,,1,,,2,,,,,3,16,3,,1,,1,3,,4,,53,2,1,,1,12,Farsi,1,10,1,10.5333,1
149241,04/10/2014,2,1,Origin,Work,3,Dest,Home,2,2,,2,,,1,,,2,,,,,3,16,3,,1,,1,3,,3,,68,2,1,,2,,,,10,1,13.3261,1
149242,04/10/2014,2,1,Origin,Work,3,Dest,Home,3,2,,3,,,1,,,2,,,,,2,16,3,,1,,1,4,,3,,63,2,3,,1,6,,2,10,1,10.5333,1
149243,04/10/2014,2,1,Origin,Work,3,Dest,Home,2,2,,3,,,1,,,2,,,,,3,16,3,,1,,1,3,,3,,58,2,3,,1,6,,1,7,1,6.7234,1
149244,04/10/2014,2,1,Origin,Work,3,Dest,Home,1,1,13,5,,,1,,,2,,,,,1,16,2,,1,,1,3,,3,,51,2,2,,2,,,,9,2,6.2683,4
149245,04/10/2014,2,1,Origin,Work,3,Dest,Home,1,1,8,3,,,1,,,2,,,,,3,16,4,,1,,1,4,,5,4,62,2,2,,2,,,,6,2,6.7234,2
149246,04/10/2014,2,1,Origin,Work,3,Dest,Home,1,1,8,3,,,1,,,2,,,,,2,16,3,,1,,1,2,,4,,80,1,7,Latin,2,,,,6,1,5.5,2
149261,04/16/2014,1,3,Origin,Home,1,Dest,Work,2,2,,2,,,1,,,,2,,,,2,14,3,,1,,1,2,,1,,66,2,1,,2,,,,9,1,5.9333,1
149264,04/16/2014,1,3,Origin,Home,1,Dest,Work,3,2,,1,,,1,,,,2,,,,1,15,2,,1,,1,3,,4,,65,2,2,,1,5,,1,8,1,3.8537,2
149265,04/16/2014,1,3,Origin,Home,1,Dest,Work,3,2,,1,,,1,,,,2,,,,1,13,3,,1,,1,3,,3,,71,2,1,,2,,,,7,1,3.8537,2
149266,04/16/2014,1,3,Origin,Home,1,Dest,Work,3,2,,1,,,1,,,,2,,,,2,16,3,,1,,1,6,,4,,58,2,1,,2,,,,7,1,6.7234,2
149267,04/16/2014,1,3,Origin,Home,1,Dest,Work,4,2,,1,,,1,,,,2,,,,2,15,2,,1,,1,2,,2,,66,2,2,,2,,,,7,2,5.5,2
149268,04/16/2014,1,3,Origin,Home,1,Dest,Work,3,1,6,1,,,1,,,,2,,,,1,16,3,,1,,1,2,,4,,51,1,7,Latina,2,,,,6,1,6.7234,3
149269,04/16/2014,1,3,Origin,Home,7,Dest,College,5,2,,1,3,,,,,,,,,2,2,16,2,,1,,1,3,,2,,95,1,5,,2,,,,5,2,11.2,3
149270,04/16/2014,1,3,Origin,Home,1,Dest,Work,3,2,,1,,,1,,,,2,,,,2,13,3,,1,,1,2,,3,,76,2,1,,2,,,,7,1,5.52,1
149271,04/16/2014,1,3,Origin,Home,1,Dest,Work,3,2,,1,,,1,,,,2,,,,3,16,4,,1,,1,3,,3,,53,2,1,,2,,,,8,1,5.7368,1
149272,04/16/2014,1,3,Origin,Home,1,Dest,Work,3,2,,1,,,1,,,,2,,,,3,15,3,,1,,1,3,,3,,62,2,3,,2,,,,8,1,13.3261,2
149273,04/16/2014,1,3,Origin,Home,1,Dest,Work,3,2,,1,,,1,,,,2,,,,3,14,3,,1,,1,3,,3,,58,2,3,,1,2,,1,7,1,9.8636,2
149274,04/16/2014,1,3,Origin,Home,1,Dest,Work,3,2,,5,,,1,,,,2,,,,4,15,3,,1,,1,3,,3,,80,2,7,Indian,1,12,Tamil,1,7,2,9.8636,1
154268,04/09/2014,2,1,Origin,Work,3,Dest,Home,1,1,8,3,,,1,,,2,,,,,1,15,3,,1,,1,5,,5,4,54,1,7,Hispanic,2,,,,5,1,5.5,2
154269,04/09/2014,2,1,Origin,Work,3,Dest,Home,1,1,8,3,,,1,,,2,,,,,1,16,4,,5,Employer Discount (SJSU),1,3,,3,,59,1,7,Hispanic,2,,,,6,1,5.5,2
154270,04/09/2014,2,1,Origin,Work,3,Dest,Home,1,1,8,1,,,1,,,2,,,,,1,15,4,,5,Pre Tax Commuting Payroll Deduction,1,2,,3,,52,1,7,Hispanic,1,1,,1,6,1,8.5,2
154271,04/09/2014,2,1,Origin,Work,4,Dest,Social/Recreation,1,1,8,1,,,1,,,2,,,,,3,14,3,,1,,1,2,,3,,65,1,6,,2,,,,8,1,5.7368,2
154272,04/09/2014,2,1,Origin,Work,3,Dest,Home,1,2,,3,,,1,,,2,,,,,2,15,3,,1,,1,3,,3,,67,1,7,Spanish,2,,,,5,2,10.5333,1
154273,04/09/2014,2,1,Origin,Work,3,Dest,Home,3,2,,3,,,1,,,2,,,,,1,16,4,,1,,1,3,,3,,55,2,2,,2,,,,6,2,3.8537,1
154274,04/09/2014,2,1,Origin,Work,3,Dest,Home,1,2,,3,,,1,,,2,,,,,3,15,3,,1,,1,5,,4,,85,2,3,,1,12,Tamil,1,5,2,11.2,1
154275,04/09/2014,2,1,Origin,Work,3,Dest,Home,1,1,8,3,,,1,,,2,,,,,3,15,2,,1,,1,3,,4,,59,2,2,,2,,,,8,1,8.4694,2
154276,04/09/2014,2,1,Origin,Work,3,Dest,Home,4,2,,3,,,1,,,2,,,,,4,15,4,,1,,1,2,,3,,83,1,6,,1,1,,1,3,2,11.2,1
154278,04/15/2014,1,3,Origin,Home,1,Dest,Work,2,2,,2,,,1,,,,2,,,,1,15,3,,1,,1,2,,2,,74,2,1,,2,,,,5,1,5.5,1
154279,04/15/2014,1,3,Origin,Home,1,Dest,Work,3,2,,1,,,1,,,,2,,,,1,14,4,,1,,1,4,,3,,61,2,1,,2,,,,5,2,6.7234,2
154280,04/15/2014,1,3,Origin,Home,1,Dest,Work,3,2,,1,,,1,,,,2,,,,2,15,3,,1,,1,2,,3,,62,1,7,Hispanic,2,,,,8,1,5.7368,2
154281,04/16/2014,1,3,Origin,Home,1,Dest,Work,1,2,,1,,,1,,,,2,,,,1,17,2,,1,,1,2,,1,,0,2,7,Middle Eastern,1,12,Farsi,1,10,1,3.8537,2
154282,04/16/2014,1,3,Origin,Home,1,Dest,Work,3,2,,3,,,1,,,,2,,,,1,15,4,,1,,1,3,,4,,57,2,1,,2,,,,10,2,5.9333,1
154283,04/16/2014,1,3,Origin,Home,1,Dest,Work,5,2,,3,,,1,,,,2,,,,2,16,3,,1,,1,3,,3,,55,2,1,,2,,,,8,2,3.8537,1
154284,04/16/2014,1,3,Origin,Home,1,Dest,Work,3,2,,1,,,1,,,,2,,,,2,16,4,,1,,1,2,,3,,54,1,7,Hispanic,2,,,,6,2,9.3684,2
154285,04/16/2014,1,3,Origin,Home,1,Dest,Work,3,2,,4,,,1,,,,2,,,,2,14,4,,1,,1,2,,4,,53,2,1,,2,,,,7,2,6.2683,1
154287,04/16/2014,1,3,Origin,Home,1,Dest,Work,3,2,,1,,,1,,,,2,,,,2,14,4,,1,,1,5,,4,,57,2,1,,2,,,,7,1,11.2,2
154289,04/16/2014,1,3,Origin,Home,1,Dest,Work,3,2,,3,,,1,,,,2,,,,2,16,3,,1,,1,2,,4,,49,1,7,Hispanic,2,,,,6,1,6.2683,1
154290,04/16/2014,1,3,Origin,Home,1,Dest,Work,3,2,,1,,,1,,,,2,,,,2,16,3,,1,,1,3,,3,,55,2,1,,1,12,Dutch,1,8,1,6.7234,2
154291,04/16/2014,1,3,Origin,Home,1,Dest,Work,3,2,,1,,,1,,,,2,,,,3,14,4,,1,,1,3,,3,,82,2,3,,1,4,,1,7,2,5.7368,2
154292,04/16/2014,1,3,Origin,Home,1,Dest,Work,3,2,,1,,,1,,,,2,,,,2,15,3,,1,,1,3,,3,,82,2,2,,2,,,,7,1,8.4694,3
154294,04/16/2014,1,3,Origin,Home,1,Dest,Work,3,2,,1,,,1,,,,2,,,,3,15,3,,1,,1,3,,5,4,64,2,2,,2,,,,8,1,13.3261,2
154295,04/16/2014,1,3,Origin,Home,7,Dest,College,2,1,6,1,4,,,,,,,,,2,1,15,3,,1,,2,1,,1,,89,2,1,,2,,,,10,2,5.5,3
154296,04/16/2014,1,4,Origin,Social/Recreation,3,Dest,Home,5,2,,3,,,1,,,2,,,,,2,14,1,,1,,1,3,,3,,84,1,7,Hispanic/Latino,1,1,,1,5,1,5.5,1
154297,04/16/2014,1,3,Origin,Home,7,Dest,College,4,2,,1,4,,,,,,,,,2,2,15,3,,1,,2,3,,2,,92,1,7,Hispanic/Latino,1,1,,1,5,2,4.9286,2
154298,04/17/2014,1,3,Origin,Home,1,Dest,Work,4,2,,1,,,1,,,,2,,,,3,16,4,,1,,1,2,,3,,68,2,1,,2,,,,7,1,3.8537,2
154299,04/17/2014,1,3,Origin,Home,1,Dest,Work,3,2,,1,,,1,,,,2,,,,2,18,3,,1,,1,2,,3,,63,2,2,,2,,,,6,1,3.8537,2
154301,04/17/2014,1,3,Origin,Home,1,Dest,Work,3,2,,1,,,1,,,,2,,,,3,15,3,,1,,1,2,,3,,55,2,1,,2,,,,8,1,6.2683,2
154304,04/17/2014,1,3,Origin,Home,1,Dest,Work,3,2,,1,,,1,,,,2,,,,4,15,4,,1,,1,3,,2,,52,2,3,,2,,,,5,2,11.2,2
154306,04/17/2014,1,3,Origin,Home,1,Dest,Work,3,2,,1,,,1,,,,2,,,,4,13,3,,1,,1,3,,3,,64,2,3,,1,12,Hindi,1,8,1,5.7368,2
154307,04/17/2014,1,4,Origin,Social/Recreation,1,Dest,Work,3,2,,1,,,1,,,,2,,,,2,15,3,,1,,1,3,,5,10,66,2,1,,2,,,,8,2,5.7368,2
154308,04/17/2014,1,3,Origin,Home,1,Dest,Work,4,2,,1,,,1,,,,2,,,,4,15,3,,1,,1,2,,2,,78,2,3,,1,12,Telugu,1,6,1,13.3261,2
154309,04/17/2014,1,3,Origin,Home,1,Dest,Work,3,2,,1,,,1,,,,2,,,,4,16,3,,1,,1,2,,2,,81,2,3,,1,12,Tamil,2,7,1,9.9167,2
154310,04/17/2014,1,3,Origin,Home,1,Dest,Work,3,2,,1,,,1,,,,2,,,,4,15,3,,1,,1,3,,3,,73,2,5,,2,,,,8,2,9.8636,2
159139,04/09/2014,2,1,Origin,Work,3,Dest,Home,3,2,,1,,,1,,,2,,,,,1,15,1,,1,,1,5,,5,5,52,2,5,,1,6,,1,5,1,4.9286,1
159140,04/09/2014,2,1,Origin,Work,3,Dest,Home,1,2,,3,,,1,,,2,,,,,2,3,4,,1,,1,3,,3,,57,1,7,Spanish,1,1,,2,4,1,8.5,1
159142,04/09/2014,2,1,Origin,Work,3,Dest,Home,4,2,,3,,,1,,,2,,,,,1,15,3,,1,,1,3,,5,4,66,2,2,,2,,,,7,2,13.3261,1
159143,04/09/2014,2,1,Origin,Work,3,Dest,Home,3,2,,1,,,1,,,2,,,,,3,15,3,,1,,1,3,,5,4,64,2,1,,2,,,,9,1,5.7368,1
159145,04/09/2014,2,1,Origin,Work,3,Dest,Home,1,1,8,3,,,1,,,2,,,,,4,15,4,,1,,1,2,,2,,59,2,1,,2,,,,7,1,5.7368,2
159148,04/09/2014,2,1,Origin,Work,3,Dest,Home,1,1,9,3,,,1,,,2,,,,,1,15,4,,1,,1,2,,2,,51,2,1,,2,,,,5,1,6.2683,2
159149,04/09/2014,2,1,Origin,Work,3,Dest,Home,3,2,,3,,,1,,,2,,,,,1,14,3,,1,,1,3,,5,4,63,1,7,Hispanic,1,1,,1,7,1,6.7234,1
159150,04/09/2014,2,1,Origin,Work,3,Dest,Home,3,2,,3,,,1,,,2,,,,,2,16,4,,1,,1,3,,5,5,61,2,3,,1,4,,2,6,1,3.8537,1
159151,04/10/2014,2,1,Origin,Work,3,Dest,Home,4,2,,3,,,1,,,2,,,,,1,16,2,,1,,1,2,,2,,61,2,1,,2,,,,5,1,5.5,1
159153,04/10/2014,2,1,Origin,Work,3,Dest,Home,1,1,8,4,,,1,,,2,,,,,1,16,4,,1,,1,4,,3,,66,2,6,,2,,,,5,2,5.5,3
159154,04/10/2014,2,1,Origin,Work,3,Dest,Home,1,1,4,4,,,1,,,2,,,,,1,16,2,,1,,1,2,,2,,81,2,2,,2,,,,4,2,5.5,3
159155,04/10/2014,2,1,Origin,Work,3,Dest,Home,1,1,8,5,,,1,,,2,,,,,1,17,4,,1,,1,3,,4,,55,2,2,,1,12,Bemba,1,6,1,6.7234,3
159156,04/10/2014,2,1,Origin,Work,3,Dest,Home,1,1,13,3,,,1,,,2,,,,,4,16,3,,1,,1,2,,3,,75,2,3,,1,12,Tamil,1,8,1,8.4286,2
159157,04/10/2014,2,1,Origin,Work,3,Dest,Home,1,1,4,3,,,1,,,2,,,,,2,16,4,,1,,1,2,,3,,79,2,1,,2,,,,5,1,4.9286,2
159158,04/10/2014,2,1,Origin,Work,3,Dest,Home,1,2,,1,,,1,,,2,,,,,3,16,4,,1,,1,4,,3,,90,1,6,,1,1,,1,5,2,11.2,1
159159,04/10/2014,2,1,Origin,Work,3,Dest,Home,1,1,5,3,,,1,,,2,,,,,4,16,3,,1,,1,4,,4,,68,2,3,,1,6,,1,7,2,11.2,2
159160,04/15/2014,1,3,Origin,Home,7,Dest,College,5,2,,1,4,,,,,,,,,2,1,14,2,,1,,1,5,,4,,81,2,7,Italian,2,,,,9,1,5.9333,2
159161,04/15/2014,1,3,Origin,Home,1,Dest,Work,3,2,,1,,,1,,,,2,,,,1,16,2,,1,,1,2,,2,,61,2,1,,2,,,,5,1,5.5,2
159162,04/15/2014,1,3,Origin,Home,1,Dest,Work,3,1,6,1,,,1,,,,2,,,,1,17,3,,3,,1,2,,5,4,64,2,7,American,2,,,,5,1,5.5,3
159163,04/15/2014,1,3,Origin,Home,1,Dest,Work,3,2,,3,,,1,,,,2,,,,1,15,4,,3,,1,2,,3,,52,2,1,,2,,,,7,2,10.5333,1
159164,04/15/2014,1,3,Origin,Home,1,Dest,Work,3,2,,1,,,1,,,,2,,,,1,14,3,,1,,1,2,,2,,65,2,1,,2,,,,5,2,6.7234,1
159165,04/15/2014,1,3,Origin,Home,1,Dest,Work,3,2,,2,,,1,,,,2,,,,1,14,3,,1,,1,3,,4,,57,2,4,,2,,,,7,1,5.52,1
159169,04/15/2014,1,3,Origin,Home,1,Dest,Work,1,2,,1,,,1,,,,2,,,,2,15,4,,2,,2,5,,5,4,46,2,1,,2,,,,6,1,13.3261,2
159171,04/16/2014,1,3,Origin,Home,1,Dest,Work,3,2,,1,,,1,,,,2,,,,2,17,3,,1,,1,2,,4,,59,1,7,Hispanic,1,1,,2,5,2,3.8537,2
159172,04/16/2014,1,3,Origin,Home,1,Dest,Work,3,2,,1,,,1,,,,2,,,,2,15,4,,1,,1,3,,3,,54,2,1,,2,,,,5,1,6.2683,2
159173,04/16/2014,1,3,Origin,Home,1,Dest,Work,2,2,,2,,,1,,,,2,,,,2,15,4,,1,,1,3,,3,,60,2,1,,1,12,Hungarian,1,4,1,5.5,1
159174,04/16/2014,1,3,Origin,Home,1,Dest,Work,3,2,,3,,,1,,,,2,,,,2,15,3,,1,,1,2,,5,5,58,2,1,,2,,,,6,1,9.3684,1
159175,04/16/2014,1,3,Origin,Home,1,Dest,Work,3,2,,1,,,1,,,,2,,,,2,14,3,,1,,1,4,,5,4,65,2,1,,2,,,,10,2,11.2,2
159176,04/16/2014,1,3,Origin,Home,1,Dest,Work,3,2,,1,,,1,,,,2,,,,2,14,3,,1,,1,3,,3,,62,2,1,,2,,,,5,1,11.2,2
159177,04/16/2014,1,3,Origin,Home,1,Dest,Work,4,2,,1,,,1,,,,2,,,,2,15,3,,1,,1,3,,3,,91,2,1,,2,,,,5,1,5.52,2
159178,04/16/2014,1,3,Origin,Home,1,Dest,Work,1,2,,1,,,1,,,,2,,,,3,15,3,,1,,1,3,,3,,79,2,1,,2,,,,10,2,13.3261,1
159179,04/16/2014,1,3,Origin,Home,1,Dest,Work,3,2,,1,,,1,,,,2,,,,3,14,3,,1,,1,3,,3,,0,2,3,,1,12,Telugu,1,8,2,13.3261,2
159180,04/16/2014,1,3,Origin,Home,1,Dest,Work,2,2,,2,,,1,,,,2,,,,3,16,4,,1,,1,3,,3,,71,2,1,,2,,,,10,1,13.3261,1
159181,04/16/2014,1,3,Origin,Home,1,Dest,Work,1,1,1,1,,,3,Q125,,,2,,,,3,16,4,,1,,1,2,,2,,65,2,2,,2,,,,5,2,9.8636,3
159183,04/16/2014,1,3,Origin,Home,1,Dest,Work,3,2,,1,,,1,,,,2,,,,3,15,3,,1,,1,3,,3,,66,2,3,,2,,,,5,1,5.7368,1
159184,04/17/2014,1,3,Origin,Home,1,Dest,Work,1,1,7,1,,,1,,,,2,,,,2,17,3,,1,,2,3,,1,,55,2,1,,1,1,,1,9,1,8.5,3
159185,04/17/2014,1,3,Origin,Home,1,Dest,Work,3,2,,1,,,1,,,,2,,,,3,16,3,,1,,1,3,,2,,71,2,1,,2,,,,10,2,3.8537,2
159186,04/17/2014,1,3,Origin,Home,1,Dest,Work,3,2,,4,,,1,,,,2,,,,3,15,3,,1,,1,3,,3,,71,1,7,Hispanic,2,,,,7,1,3.8537,1
159187,04/17/2014,1,3,Origin,Home,1,Dest,Work,3,1,6,3,,,1,,,,2,,,,2,16,3,,1,,1,5,,4,,77,2,2,,2,,,,7,1,9.3684,2
159188,04/17/2014,1,3,Origin,Home,1,Dest,Work,5,2,,1,,,1,,,,2,,,,3,19,3,,2,,1,2,,4,,46,2,1,,1,1,,1,10,1,6.7234,2
159189,04/17/2014,1,3,Origin,Home,1,Dest,Work,4,2,,1,,,1,,,,2,,,,4,14,4,,1,,1,3,,4,,0,2,3,,1,4,,1,10,2,11.2,2
159190,04/17/2014,1,3,Origin,Home,1,Dest,Work,3,2,,3,,,1,,,,2,,,,3,16,3,,1,,1,2,,4,,67,1,7,Hispanic,1,1,,2,5,1,9.3684,1
159191,04/17/2014,1,3,Origin,Home,1,Dest,Work,3,2,,1,,,1,,,,2,,,,3,14,4,,1,,1,4,,5,5,64,2,1,,2,,,,8,2,11.2,2
159192,04/17/2014,1,3,Origin,Home,7,Dest,College,5,2,,1,4,,,,,,,,,2,4,13,3,,1,,1,2,,2,,94,2,3,,1,12,Urdu,1,9,1,5.7368,2
159193,04/17/2014,1,3,Origin,Home,1,Dest,Work,3,2,,1,,,1,,,,2,,,,4,15,4,,1,,1,3,,3,,78,1,7,Hispanic,2,,,,7,1,13.3261,2
159194,04/17/2014,1,3,Origin,Home,1,Dest,Work,2,2,,1,,,1,,,,2,,,,4,15,3,,1,,1,2,,2,,77,2,1,,1,7,,1,7,1,13.3261,2
159195,04/17/2014,1,3,Origin,Home,1,Dest,Work,3,2,,1,,,1,,,,2,,,,3,15,3,,1,,1,4,,5,5,63,2,2,,2,,,,8,1,13.3261,2
159196,04/17/2014,1,3,Origin,Home,1,Dest,Work,3,2,,1,,,1,,,,2,,,,5,15,3,,1,,1,3,,3,,78,2,3,,2,,,,7,1,9.8636,2
164196,04/09/2014,2,1,Origin,Work,3,Dest,Home,1,1,13,3,,,1,,,2,,,,,1,15,3,,1,,1,3,,4,,69,2,2,,2,,,,9,1,8.3158,2
164198,04/09/2014,2,1,Origin,Work,3,Dest,Home,1,2,,3,,,1,,,2,,,,,4,15,3,,5,Employer Discount,1,3,,3,,0,2,3,,1,12,Gujarati,1,10,1,13.3261,1
164199,04/09/2014,2,4,Origin,Social/Recreation,3,Dest,Home,1,1,8,1,5,,1,,,,,,,,3,14,2,,1,,1,1,,3,,55,2,1,,2,,,,4,2,5.7368,3
164200,04/09/2014,2,1,Origin,Work,3,Dest,Home,1,2,,5,,,1,,,2,,,,,3,15,3,,1,,1,3,,4,,74,2,1,,2,,,,8,2,5.52,1
164201,04/09/2014,2,1,Origin,Work,3,Dest,Home,1,1,8,3,,,1,,,2,,,,,3,15,3,,1,,1,3,,3,,66,2,3,,1,12,Urdu,1,8,1,5.52,2
164202,04/09/2014,2,1,Origin,Work,3,Dest,Home,1,2,,3,,,1,,,2,,,,,1,15,3,,1,,1,3,,5,4,0,2,2,,2,,,,7,1,4.9286,1
164203,04/09/2014,2,1,Origin,Work,3,Dest,Home,3,2,,3,,,1,,,2,,,,,2,15,4,,1,,1,3,,4,,71,2,2,,1,12,Yoruba,1,7,1,9.3684,1
164204,04/09/2014,2,1,Origin,Work,3,Dest,Home,1,1,8,3,,,1,,,2,,,,,2,15,3,,2,,1,2,,2,,47,2,1,,2,,,,6,1,6.7234,2
164206,04/09/2014,2,1,Origin,Work,3,Dest,Home,1,1,5,5,,,1,,,2,,,,,3,16,3,,1,,1,3,,4,,63,2,7,American,1,1,,1,7,1,5.9333,2
164207,04/09/2014,2,1,Origin,Work,3,Dest,Home,1,1,8,3,,,1,,,2,,,,,2,17,4,,1,,1,2,,4,,54,2,2,,2,,,,7,1,6.7234,2
164209,04/09/2014,2,1,Origin,Work,3,Dest,Home,3,2,,3,,,1,,,2,,,,,2,16,4,,1,,1,3,,4,,69,2,3,,1,12,Hmong,1,7,1,3.8537,1
164213,04/10/2014,2,1,Origin,Work,3,Dest,Home,3,2,,3,,,5,,,2,,,,,1,16,3,,1,,1,2,,3,,57,2,2,,1,12,Yoruba,1,5,2,4.9286,1
164214,04/10/2014,2,1,Origin,Work,3,Dest,Home,1,1,13,3,,,5,,,2,,,,,4,15,4,,5,Employer Discount (SJSU),1,3,,3,,69,2,6,,2,,,,7,2,5.7368,2
164215,04/10/2014,2,1,Origin,Work,3,Dest,Home,3,2,,5,,,5,,,2,,,,,2,17,3,,1,,1,3,,3,,71,2,1,,2,,,,6,1,8.4694,1
164218,04/10/2014,2,1,Origin,Work,3,Dest,Home,2,2,,2,,,5,,,2,,,,,4,15,3,,1,,1,3,,4,,72,1,7,Hispanic/Latino,1,1,,1,8,1,13.3261,1
164219,04/10/2014,2,1,Origin,Work,3,Dest,Home,2,2,,2,,,5,,,2,,,,,3,16,4,,1,,1,4,,3,,54,2,1,,2,,,,7,1,8.4286,1
164221,04/10/2014,2,1,Origin,Work,3,Dest,Home,1,1,3,3,,,5,,,2,,,,,1,16,3,,1,,1,2,,2,,55,2,1,,2,,,,5,1,5.9333,3
164224,04/10/2014,2,1,Origin,Work,3,Dest,Home,1,2,,3,,,5,,,2,,,,,2,16,3,,1,,1,4,,3,,70,2,5,,2,,,,4,1,10.5333,1
164225,04/15/2014,1,3,Origin,Home,1,Dest,Work,3,2,,1,,,1,,,,2,,,,1,15,4,,1,,1,3,,3,,68,2,3,,1,2,,1,6,1,3.8537,2
164226,04/15/2014,1,3,Origin,Home,1,Dest,Work,3,2,,1,,,1,,,,2,,,,1,15,3,,1,,1,3,,5,5,60,2,3,,1,6,,1,6,1,5.9333,3
164227,04/15/2014,1,3,Origin,Home,1,Dest,Work,3,2,,1,,,1,,,,2,,,,1,14,2,,1,,1,4,,3,,76,1,7,Latina,1,1,,2,3,1,6.7234,1
164228,04/15/2014,1,3,Origin,Home,1,Dest,Work,3,2,,3,,,1,,,,2,,,,1,15,3,,1,,1,3,,4,,54,2,2,,2,,,,5,1,9.3684,1
164229,04/15/2014,1,3,Origin,Home,1,Dest,Work,3,2,,5,,,1,,,,2,,,,1,14,4,,1,,1,5,,5,7,62,2,1,,1,12,Greek,1,8,1,4.9286,1
164233,04/15/2014,1,3,Origin,Home,1,Dest,Work,3,2,,1,,,1,,,,2,,,,1,14,4,,1,,1,3,,3,,76,2,1,,2,,,,5,2,8.4286,1
164234,04/15/2014,1,3,Origin,Home,1,Dest,Work,3,2,,1,,,1,,,,2,,,,2,13,3,,1,,1,4,,3,,57,2,1,,2,,,,6,1,5.7368,2
164235,04/15/2014,1,3,Origin,Home,1,Dest,Work,3,2,,3,,,1,,,,2,,,,1,15,4,,1,,1,5,,5,4,70,2,3,,1,2,,1,4,2,9.3684,1
164236,04/15/2014,1,3,Origin,Home,1,Dest,Work,4,2,,1,,,1,,,,2,,,,1,14,3,,1,,1,4,,4,,78,2,1,,2,,,,6,1,8.4694,1
164237,04/15/2014,1,3,Origin,Home,1,Dest,Work,3,2,,1,,,1,,,,2,,,,2,16,3,,1,,1,3,,3,,71,2,3,,1,12,Tamil,1,7,2,13.3261,2
164238,04/15/2014,1,3,Origin,Home,1,Dest,Work,3,2,,1,,,1,,,,2,,,,2,15,3,,1,,1,2,,3,,52,2,2,,2,,,,6,2,9.875,2
164239,04/15/2014,1,3,Origin,Home,1,Dest,Work,2,2,,2,,,1,,,,2,,,,2,14,4,,1,,1,2,,3,,84,2,6,,2,,,,7,1,5.7368,1
164240,04/15/2014,1,3,Origin,Home,1,Dest,Work,3,2,,1,,,1,,,,2,,,,2,13,3,,1,,1,5,,5,4,57,2,3,,1,6,,1,8,2,8.3158,2
164241,04/16/2014,1,3,Origin,Home,1,Dest,Work,3,2,,1,,,1,,,,2,,,,2,16,2,,1,,1,3,,4,,80,1,7,Hispanic,1,1,,2,7,1,5.9333,2
164242,04/16/2014,1,3,Origin,Home,1,Dest,Work,3,2,,1,,,1,,,,2,,,,2,16,4,,1,,1,2,,4,,61,2,6,,2,,,,5,1,3.8537,2
164243,04/16/2014,1,3,Origin,Home,1,Dest,Work,5,2,,3,,,1,,,,2,,,,2,17,2,,1,,1,3,,4,,85,2,2,,2,,,,5,2,5.9333,1
164244,04/16/2014,1,3,Origin,Home,1,Dest,Work,5,2,,2,,,1,,,,2,,,,2,14,4,,1,,1,4,,3,,63,2,3,,1,6,,1,5,2,6.2683,1
164245,04/16/2014,1,3,Origin,Home,1,Dest,Work,5,2,,4,,,1,,,,2,,,,2,17,3,,1,,1,4,,3,,85,1,7,Hispanic/Latino,1,1,,1,3,1,10.5333,1
164247,04/16/2014,1,3,Origin,Home,1,Dest,Work,3,2,,1,,,1,,,,2,,,,3,15,4,,1,,1,2,,3,,0,2,2,,2,,,,8,2,8.4286,2
164248,04/16/2014,1,3,Origin,Home,1,Dest,Work,3,2,,1,,,1,,,,2,,,,3,15,4,,2,,1,2,,3,,42,2,1,,2,,,,7,1,13.3261,2
164249,04/16/2014,1,3,Origin,Home,1,Dest,Work,3,2,,1,,,1,,,,2,,,,4,13,3,,1,,1,3,,3,,57,2,1,,2,,,,7,2,9.8636,2
169232,04/09/2014,2,1,Origin,Work,3,Dest,Home,1,2,,3,,,1,,,2,,,,,2,15,4,,1,,1,3,,5,5,73,2,7,Italian,1,12,Italian,1,8,2,4.9286,1
169233,04/09/2014,2,1,Origin,Work,3,Dest,Home,1,2,,3,,,1,,,2,,,,,4,14,3,,1,,1,3,,4,,0,2,3,,1,2,,1,9,1,9.875,1
169234,04/09/2014,2,1,Origin,Work,3,Dest,Home,2,2,,2,,,1,,,2,,,,,4,16,3,,1,,1,4,,3,,54,2,1,,2,,,,8,1,9.8636,1
169235,04/09/2014,2,1,Origin,Work,3,Dest,Home,2,2,,2,,,1,,,2,,,,,1,15,3,,1,,1,2,,2,,74,2,1,,2,,,,5,1,6.7234,1
169236,04/09/2014,2,1,Origin,Work,3,Dest,Home,4,2,,3,,,1,,,2,,,,,2,15,2,,1,,1,2,,2,,71,1,6,,1,1,,1,5,2,3.8537,1
169238,04/09/2014,2,1,Origin,Work,3,Dest,Home,2,2,,2,,,1,,,2,,,,,1,16,3,,1,,1,2,,2,,74,1,6,,1,1,,1,3,1,5.9333,1
169239,04/09/2014,2,1,Origin,Work,3,Dest,Home,2,2,,2,,,1,,,2,,,,,3,14,3,,1,,1,3,,4,,72,2,1,,1,12,Swedish,1,7,1,11.2,1
169241,04/09/2014,2,1,Origin,Work,3,Dest,Home,3,2,,7,,,1,,,2,,,,,1,15,3,,1,,1,3,,3,,59,2,1,,2,,,,7,2,4.9286,1
169242,04/09/2014,2,1,Origin,Work,3,Dest,Home,3,2,,3,,,1,,,2,,,,,2,15,4,,1,,1,3,,4,,71,1,1,,1,1,,1,4,2,9.3684,1
169243,04/09/2014,2,7,Origin,College,3,Dest,Home,1,1,8,3,4,,,,,,,,2,,1,16,3,,5,Student Discount (SJSU),1,2,,3,,85,2,1,,2,,,,3,1,5.5,3
169244,04/09/2014,2,1,Origin,Work,3,Dest,Home,1,1,13,3,,,1,,,2,,,,,2,16,3,,1,,1,3,,2,,86,1,1,,2,,,,5,2,3.8537,2
169246,04/10/2014,2,1,Origin,Work,3,Dest,Home,1,1,8,5,,,1,,,2,,,,,4,15,4,,1,,1,3,,2,,81,2,3,,1,12,Tamil,1,5,2,13.3261,2
169247,04/10/2014,2,1,Origin,Work,3,Dest,Home,1,1,8,3,,,1,,,2,,,,,3,15,4,,1,,1,5,,5,4,89,2,1,,2,,,,8,2,13.3261,2
169248,04/10/2014,2,1,Origin,Work,3,Dest,Home,1,1,8,3,,,1,,,2,,,,,4,16,3,,1,,1,2,,2,,85,3,3,,1,3,,2,6,2,13.3261,2
169249,04/10/2014,2,1,Origin,Work,3,Dest,Home,1,1,8,3,,,1,,,2,,,,,2,3,3,,1,,1,2,,3,,67,2,3,,1,5,,1,8,2,13.3261,2
169250,04/10/2014,2,1,Origin,Work,3,Dest,Home,1,1,8,5,,,1,,,2,,,,,3,16,3,,1,,1,5,,3,,59,2,1,,2,,,,9,1,13.3261,2
169251,04/10/2014,2,4,Origin,Social/Recreation,3,Dest,Home,4,2,,5,1,Q120,1,,1,,,,,,4,16,3,,1,,1,3,,5,4,57,2,1,,2,,,,8,1,11.2,1
169252,04/10/2014,2,1,Origin,Work,3,Dest,Home,3,2,,3,,,1,,,2,,,,,2,16,3,,1,,1,4,,3,,52,2,3,,1,6,,2,6,1,8.4694,1
169253,04/10/2014,2,1,Origin,Work,3,Dest,Home,3,2,,3,,,1,,,2,,,,,2,16,3,,1,,2,2,,3,,66,1,7,Latino,1,1,,3,4,1,9.3684,1
169255,04/15/2014,1,3,Origin,Home,1,Dest,Work,3,2,,1,,,1,,,,2,,,,1,16,2,,1,,1,2,,2,,56,2,6,,2,,,,6,2,3.8537,3
169256,04/15/2014,1,3,Origin,Home,1,Dest,Work,3,2,,1,,,1,,,,2,,,,1,14,4,,2,,1,2,,3,,46,2,2,,2,,,,5,2,6.2683,3
169257,04/15/2014,1,3,Origin,Home,1,Dest,Work,3,2,,1,,,1,,,,2,,,,2,14,3,,1,,1,3,,3,,55,2,1,,2,,,,8,1,5.52,2
169259,04/16/2014,1,3,Origin,Home,1,Dest,Work,5,2,,1,,,1,,,,2,,,,2,15,4,,1,,1,2,,2,,74,1,7,Hispanic,2,,,,4,2,5.9333,2
169260,04/16/2014,1,3,Origin,Home,1,Dest,Work,5,2,,1,,,1,,,,2,,,,2,16,4,,1,,1,2,,4,,65,1,7,Mexican,2,,,,6,1,5.9333,3
169261,04/16/2014,1,3,Origin,Home,1,Dest,Work,3,2,,1,,,1,,,,2,,,,2,16,2,,1,,1,3,,3,,71,2,1,,2,,,,7,1,5.9333,2
169262,04/16/2014,1,3,Origin,Home,1,Dest,Work,3,2,,1,,,1,,,,2,,,,2,15,3,,1,,1,2,,2,,60,2,1,,2,,,,6,2,6.2683,2
169263,04/16/2014,1,3,Origin,Home,1,Dest,Work,3,2,,1,,,1,,,,2,,,,2,15,4,,1,,1,2,,4,,54,2,1,,2,,,,7,1,6.2683,1
169264,04/16/2014,1,3,Origin,Home,1,Dest,Work,3,2,,1,,,1,,,,2,,,,2,16,4,,1,,1,6,,5,4,57,2,1,,2,,,,4,1,6.2683,2
169265,04/16/2014,1,3,Origin,Home,1,Dest,Work,3,2,,1,,,1,,,,2,,,,2,15,4,,1,,1,2,,2,,68,2,1,,2,,,,5,2,6.2683,2
169266,04/16/2014,1,3,Origin,Home,1,Dest,Work,3,2,,1,,,1,,,,2,,,,3,16,4,,1,,1,2,,3,,81,2,1,,2,,,,7,1,9.9167,1
169267,04/16/2014,1,3,Origin,Home,1,Dest,Work,3,2,,1,,,1,,,,2,,,,2,15,3,,1,,1,3,,3,,75,2,5,,1,12,Hindi,1,6,2,4.9286,2
169269,04/16/2014,1,3,Origin,Home,1,Dest,Work,1,2,,2,,,1,,,,2,,,,3,15,3,,1,,1,4,,5,4,63,2,1,,2,,,,7,1,8.4286,1
169270,04/16/2014,1,3,Origin,Home,1,Dest,Work,4,2,,4,,,1,,,,2,,,,2,14,3,,1,,1,3,,4,,90,2,1,,2,,,,6,1,13.3261,1
169271,04/16/2014,1,3,Origin,Home,1,Dest,Work,1,2,,1,,,1,,,,2,,,,3,14,3,,1,,1,3,,2,,73,2,3,,1,12,Gujarati,1,5,1,13.3261,2
169273,04/16/2014,1,3,Origin,Home,1,Dest,Work,2,2,,1,,,1,,,,2,,,,4,15,3,,1,,1,3,,4,,67,2,1,,1,12,Dutch,1,7,1,9.8636,2
169275,04/16/2014,1,3,Origin,Home,1,Dest,Work,3,2,,1,,,1,,,,2,,,,3,12,4,,1,,1,5,,5,4,84,2,1,,2,,,,7,1,9.875,1
230286,04/09/2014,2,1,Origin,Work,3,Dest,Home,1,1,8,3,,,1,,,,,,,,2,3,4,,1,,1,3,,3,,53,2,2,,2,,,,5,2,8.5,2
230288,04/09/2014,2,1,Origin,Work,3,Dest,Home,1,2,,3,,,1,,,2,,,,,2,14,4,,1,,1,3,,3,,78,2,3,,2,,,,7,2,9.875,1
230290,04/09/2014,2,7,Origin,College,3,Dest,Home,5,2,,3,2,Q120,,,3,,,,,,3,16,2,,1,,1,4,,3,,95,2,3,,1,12,Hindi,1,9,1,8.4694,1
230291,04/09/2014,2,1,Origin,Work,3,Dest,Home,3,2,,3,,,1,,,2,,,,,2,15,4,,1,,1,3,,3,,61,1,1,,2,,,,5,2,10.5333,1
230293,04/09/2014,2,1,Origin,Work,3,Dest,Home,1,2,,3,,,1,,,2,,,,,2,15,2,,3,,1,2,,2,,56,2,6,,2,,,,4,2,5.5,1
230294,04/09/2014,2,1,Origin,Work,3,Dest,Home,5,1,5,3,,,1,,,2,,,,,2,16,3,,1,,1,3,,3,,71,2,1,,2,,,,7,1,5.9333,2
230295,04/09/2014,2,1,Origin,Work,3,Dest,Home,1,2,,3,,,1,,,2,,,,,2,15,2,,1,,1,5,,5,4,63,2,1,,2,,,,7,1,5.5,1
230296,04/09/2014,2,1,Origin,Work,3,Dest,Home,3,2,,3,,,1,,,2,,,,,1,16,3,,1,,1,2,,5,4,65,2,1,,2,,,,6,1,8.5,1
230298,04/09/2014,2,1,Origin,Work,3,Dest,Home,1,2,,3,,,1,,,2,,,,,3,15,3,,2,,1,2,,2,,45,1,6,,1,1,,1,5,2,6.2683,1
230299,04/10/2014,2,1,Origin,Work,3,Dest,Home,4,2,,3,,,1,,,2,,,,,1,13,2,,1,,1,3,,3,,69,1,6,,1,1,,1,5,2,5.5,2
230302,04/10/2014,2,1,Origin,Work,3,Dest,Home,1,2,,5,,,1,,,2,,,,,2,14,4,,1,,1,3,,3,,57,2,1,,2,,,,7,1,5.5,1
230303,04/10/2014,2,1,Origin,Home,3,Dest,Home,5,2,,5,,,1,,,2,,,,,1,13,4,,1,,1,4,,4,,69,1,6,,2,,,,6,2,4.9286,1
230304,04/10/2014,2,1,Origin,Work,3,Dest,Home,1,1,8,3,,,1,,,2,,,,,4,14,3,,1,,1,4,,4,,62,2,3,,1,12,Kannada,1,8,1,5.52,2
230306,04/10/2014,2,1,Origin,Work,3,Dest,Home,1,2,,3,,,1,,,2,,,,,3,15,3,,1,,1,2,,3,,75,2,1,,2,,,,6,1,8.4694,1
230307,04/10/2014,2,1,Origin,Work,3,Dest,Home,1,2,,3,,,1,,,2,,,,,4,14,3,,1,,1,2,,3,,82,2,1,,2,,,,6,2,5.7368,1
230308,04/10/2014,2,1,Origin,Business Appointment,3,Dest,Home,1,1,8,3,,,1,,,2,,,,,4,14,4,,1,,1,2,,3,,65,2,5,,2,,,,8,1,6.7234,2
230309,04/10/2014,2,1,Origin,Work,3,Dest,Home,1,1,8,7,,,1,,,2,,,,,3,14,3,,1,,1,3,,5,4,65,2,1,,2,,,,7,1,6.7234,2
230311,04/10/2014,2,1,Origin,Work,3,Dest,Home,1,1,8,3,,,1,,,2,,,,,1,13,3,,2,,1,3,,4,,46,2,1,,1,1,,1,10,1,6.7234,2
230312,04/10/2014,2,1,Origin,Work,3,Dest,Home,3,2,,3,,,1,,,2,,,,,2,14,4,,1,,1,3,,3,,80,2,3,,2,,,,10,1,3.8537,1
230315,04/10/2014,2,1,Origin,Work,3,Dest,Home,3,2,,3,,,1,,,2,,,,,2,15,2,,1,,1,4,,3,,59,1,7,Salvadorian,1,1,,1,5,2,9.3684,1
230316,04/15/2014,1,3,Origin,Home,1,Dest,Work,3,2,,2,,,1,,,,2,,,,1,15,4,,1,,1,2,,4,,70,2,3,,1,6,,1,4,1,3.8537,1
230317,04/15/2014,1,3,Origin,Home,1,Dest,Work,3,2,,3,,,1,,,,2,,,,1,12,3,,1,,1,4,,4,,61,1,1,,1,1,,1,6,1,3.8537,1
230320,04/15/2014,1,3,Origin,Home,1,Dest,Work,3,2,,2,,,1,,,,2,,,,1,13,3,,1,,1,3,,4,,70,2,1,,2,,,,7,1,5.5,2
230321,04/15/2014,1,3,Origin,Home,1,Dest,Work,3,2,,3,,,1,,,,2,,,,1,12,4,,2,,1,3,,3,,48,1,7,Hispanic/Latino,1,1,,1,7,1,6.7234,1
230322,04/15/2014,1,3,Origin,Home,1,Dest,Work,3,2,,1,,,1,,,,2,,,,1,13,4,,1,,1,5,,5,5,62,1,7,Hispanic/Latino,1,1,,1,8,2,8.4694,2
230327,04/15/2014,1,3,Origin,Home,1,Dest,Work,2,2,,1,,,1,,,,2,,,,2,12,4,,1,,1,3,,2,,52,2,1,,2,,,,8,1,5.7368,2
230330,04/17/2014,1,3,Origin,Home,4,Dest,Social/Recreation,3,2,,5,4,,1,,,,,,,,3,14,2,,1,,1,2,,3,,61,2,1,,1,12,German,1,5,2,5.5,1
230334,04/17/2014,1,3,Origin,Home,1,Dest,Work,3,2,,1,,,1,,,,2,,,,4,15,4,,1,,1,2,,2,,67,2,3,,1,6,,1,6,1,11.2,2
230335,04/17/2014,1,3,Origin,Home,1,Dest,Work,3,2,,1,,,1,,,,2,,,,2,15,3,,1,,1,2,,2,,60,2,1,,2,,,,6,2,6.2683,2
230336,04/17/2014,1,3,Origin,Home,1,Dest,Work,3,2,,1,,,1,,,,2,,,,4,15,3,,1,,1,2,,4,,69,2,1,,2,,,,7,1,5.7368,2
230337,04/17/2014,1,3,Origin,Home,1,Dest,Work,5,2,,1,,,1,,,,2,,,,4,14,3,,1,,1,3,,2,,86,2,5,,2,,,,8,1,13.3261,2
230339,04/17/2014,1,3,Origin,Home,1,Dest,Work,3,2,,1,,,1,,,,2,,,,4,15,3,,1,,1,3,,3,,71,2,1,,2,,,,7,1,9.8636,2
230340,04/17/2014,1,3,Origin,Home,1,Dest,Work,3,2,,1,,,1,,,,2,,,,4,16,3,,1,,1,2,,3,,73,2,7,Indian,1,12,Telugu,1,7,1,13.3261,2
230341,04/17/2014,1,3,Origin,Home,7,Dest,College,5,2,,1,3,,,,,,,,,2,4,13,3,,3,,2,3,,3,,75,2,3,,1,3,,1,9,1,19.8,2
261186,04/09/2014,2,1,Origin,Work,3,Dest,Home,2,2,,2,,,1,,,2,,,,,2,15,4,,1,,1,3,,3,,60,2,1,,2,,,,4,1,5.5,1
261187,04/09/2014,2,1,Origin,Work,3,Dest,Home,2,2,,2,,,1,,,2,,,,,1,15,3,,1,,1,3,,4,,70,2,1,,2,,,,5,1,4.9286,1
261189,04/09/2014,2,7,Origin,College,3,Dest,Home,1,2,,3,1,Q120,,,1,,,,,,4,15,2,,1,,1,3,,4,,74,2,4,,1,1,,1,5,1,3.8537,1
261190,04/09/2014,2,1,Origin,Work,3,Dest,Home,2,2,,2,,,5,,,2,,,,,2,14,4,,1,,1,3,,3,,80,2,1,,1,12,Sign Langauge,1,9,1,5.7368,1
261191,04/09/2014,2,1,Origin,College,3,Dest,Home,2,2,,2,,,1,,,2,,,,,2,15,4,,1,,1,3,,3,,63,1,7,Latino,1,1,,1,4,2,5.5,1
261192,04/09/2014,2,1,Origin,Work,3,Dest,Home,2,2,,2,,,5,,,2,,,,,1,15,4,,1,,1,3,,2,,57,2,1,,2,,,,5,1,5.5,1
261193,04/09/2014,2,1,Origin,Work,3,Dest,Home,2,2,,2,,,5,,,2,,,,,3,15,4,,1,,1,3,,4,,64,2,1,,2,,,,8,1,13.3261,1
261194,04/09/2014,2,1,Origin,Work,3,Dest,Home,2,2,,2,,,5,,,2,,,,,4,15,3,,1,,1,3,,3,,64,2,1,,2,,,,8,1,13.3261,1
261195,04/09/2014,2,1,Origin,Work,3,Dest,Home,1,1,5,3,,,5,,,2,,,,,3,14,3,,1,,1,3,,4,,63,2,6,,2,,,,6,2,8.4286,2
261196,04/09/2014,2,1,Origin,Work,3,Dest,Home,4,2,,1,,,1,,,2,,,,,3,14,4,,1,,1,3,,3,,72,2,3,,1,12,Telugu,1,5,2,11.2,1
261197,04/09/2014,2,1,Origin,Work,3,Dest,Home,3,2,,3,,,1,,,2,,,,,3,15,4,,1,,1,3,,3,,78,1,7,Spanish,1,1,,1,5,2,11.2,1
261199,04/09/2014,2,1,Origin,Work,3,Dest,Home,1,1,5,3,,,1,,,2,,,,,2,15,3,,1,,1,3,,5,5,60,2,1,,2,,,,8,1,6.2683,2
261204,04/10/2014,2,1,Origin,Work,3,Dest,Home,1,1,13,3,,,1,,,2,,,,,1,15,4,,1,,1,2,,3,,71,2,1,,1,12,Arabic,1,6,1,8.3158,2
261205,04/10/2014,2,7,Origin,College,3,Dest,Home,3,2,,5,6,,,,,,,,2,,1,16,3,,1,,1,3,,4,,88,2,1,,2,,,,10,1,5.5,1
261207,04/10/2014,2,1,Origin,Work,3,Dest,Home,1,1,8,5,,,1,,,2,,,,,3,4,4,,1,,1,3,,3,,55,2,1,,2,,,,8,2,5.52,2
261208,04/10/2014,2,1,Origin,Work,3,Dest,Home,5,2,,3,,,1,,,2,,,,,1,16,3,,1,,1,3,,3,,64,1,7,Latino,1,1,,2,5,1,11.2,1
261209,04/10/2014,2,1,Origin,Work,3,Dest,Home,1,2,,3,,,1,,,2,,,,,3,16,2,,1,,1,3,,3,,61,2,1,,2,,,,10,1,6.2683,1
261214,04/15/2014,1,3,Origin,Home,1,Dest,Work,3,2,,1,,,1,,,,2,,,,1,14,3,,2,,1,3,,3,,0,2,2,,2,,,,7,2,6.7234,2
261215,04/15/2014,1,3,Origin,Home,1,Dest,Work,3,2,,3,,,1,,,,2,,,,1,14,4,,1,,1,3,,3,,54,2,2,,2,,,,4,1,11.2,1
261216,04/15/2014,1,3,Origin,Home,1,Dest,Work,3,2,,1,,,1,,,,2,,,,1,12,3,,1,,1,5,,3,,56,2,2,,2,,,,10,2,11.2,2
261220,04/15/2014,1,3,Origin,Home,1,Dest,Work,3,2,,3,,,1,,,,2,,,,1,16,4,,1,,1,3,,4,,55,2,1,,2,,,,7,1,5.52,1
261221,04/15/2014,1,3,Origin,Home,1,Dest,Work,3,2,,6,,,1,,,,2,,,,2,13,3,,1,,1,2,,2,,62,3,3,,1,6,,1,6,2,9.8636,1
261222,04/15/2014,1,3,Origin,Home,1,Dest,Work,3,2,,1,,,1,,,,2,,,,2,14,4,,1,,1,3,,3,,78,2,5,,2,,,,8,2,9.875,2
261223,04/15/2014,1,3,Origin,Home,1,Dest,Work,3,2,,1,,,3,Q125,,,2,,,,1,15,3,,1,,1,3,,5,4,57,2,1,,1,12,German,1,8,1,9.9167,1
261226,04/16/2014,1,3,Origin,Home,1,Dest,Work,3,2,,1,,,1,,,,2,,,,2,15,3,,2,,1,3,,3,,51,2,3,,2,,,,3,2,5.9333,2
261227,04/16/2014,1,3,Origin,Home,1,Dest,Work,7,2,,3,,,1,,,,2,,,,2,15,4,,1,,1,3,,5,7,59,2,4,,2,,,,7,1,3.8537,1
261229,04/16/2014,1,3,Origin,Home,1,Dest,Work,4,2,,1,,,1,,,,2,,,,2,14,3,,1,,1,3,,4,,56,1,4,,2,,,,7,2,6.2683,2
261231,04/16/2014,1,3,Origin,Home,1,Dest,Work,5,2,,1,,,1,,,,2,,,,2,15,4,,1,,1,4,,3,,69,2,3,,2,,,,7,2,6.2683,3
261232,04/16/2014,1,3,Origin,Home,1,Dest,Work,5,2,,1,,,1,,,,2,,,,2,15,4,,1,,1,3,,3,,56,2,1,,2,,,,7,2,11.2,2
261234,04/16/2014,1,3,Origin,Home,1,Dest,Work,3,2,,1,,,1,,,,2,,,,3,17,3,,1,,1,2,,3,,82,2,1,,2,,,,6,2,5.52,2
261235,04/16/2014,1,3,Origin,Home,1,Dest,Work,3,2,,1,,,1,,,,2,,,,2,15,4,,1,,1,2,,3,,48,2,1,,2,,,,7,1,8.4694,2
262053,04/09/2014,2,1,Origin,Work,3,Dest,Home,1,1,8,3,,,1,,,2,,,,,1,16,4,,1,,1,2,,2,,60,2,2,,2,,,,6,2,5.5,2
262055,04/09/2014,2,1,Origin,Work,3,Dest,Home,1,2,,4,,,1,,,2,,,,,2,15,4,,1,,1,3,,3,,74,1,1,,2,,,,5,1,5.5,1
262056,04/09/2014,2,1,Origin,Work,3,Dest,Home,3,2,,3,,,1,,,2,,,,,3,15,3,,1,,1,2,,3,,76,2,1,,2,,,,8,1,19.8,1
262057,04/09/2014,2,1,Origin,Work,3,Dest,Home,3,2,,3,,,1,,,2,,,,,3,13,3,,1,,1,3,,4,,91,2,1,,2,,,,6,2,13.3261,1
262058,04/09/2014,2,1,Origin,Work,3,Dest,Home,1,2,,3,,,1,,,2,,,,,1,15,3,,1,,1,3,,4,,60,2,1,,2,,,,8,1,8.4694,1
262059,04/09/2014,2,1,Origin,Work,3,Dest,Home,1,1,8,3,,,1,,,2,,,,,3,15,4,,1,,1,2,,4,,64,2,2,,2,,,,7,1,8.4694,2
262060,04/09/2014,2,1,Origin,Work,3,Dest,Home,2,2,,3,,,1,,,2,,,,,4,15,3,,1,,1,2,,3,,70,2,3,,1,12,Telugu,1,8,1,13.3261,1
262061,04/09/2014,2,1,Origin,Work,3,Dest,Home,5,2,,3,,,1,,,2,,,,,2,14,4,,1,,1,3,,5,4,48,2,2,,2,,,,7,1,9.3684,1
262062,04/09/2014,2,1,Origin,Work,3,Dest,Home,1,1,9,3,,,1,,,2,,,,,4,15,3,,1,,1,6,,5,4,62,2,1,,2,,,,9,2,6.2683,2
262063,04/09/2014,2,1,Origin,Work,3,Dest,Home,3,2,,4,,,1,,,2,,,,,1,14,3,,1,,1,6,,5,4,65,2,1,,2,,,,9,1,6.2683,1
262067,04/09/2014,2,1,Origin,Work,3,Dest,Home,2,2,,2,,,1,,,2,,,,,3,14,4,,1,,1,2,,1,,81,2,1,,2,,,,3,1,3.8537,1
262068,04/10/2014,2,1,Origin,Work,3,Dest,Home,2,2,,2,,,1,,,2,,,,,1,16,1,,1,,1,4,,5,4,69,1,7,Hispanic,1,1,,2,5,1,5.5,1
262069,04/10/2014,2,1,Origin,Work,3,Dest,Home,2,2,,2,,,1,,,2,,,,,3,15,3,,1,,1,3,,4,,57,2,1,,2,,,,7,1,9.875,1
262070,04/10/2014,2,6,Origin,K-12 School,3,Dest,Home,1,1,13,5,4,,,,,,,,2,,3,16,3,,1,,2,8,,6,,96,3,1,,2,,,,9,1,8.3158,2
262071,04/10/2014,2,1,Origin,Work,3,Dest,Home,3,2,,3,,,1,,,2,,,,,1,17,3,,1,,1,6,,5,4,73,2,7,Italian,2,,,,6,1,6.7234,2
262072,04/10/2014,2,1,Origin,Work,3,Dest,Home,3,2,,3,,,1,,,2,,,,,1,17,3,,1,,1,3,,4,,74,2,1,,2,,,,7,2,6.7234,1
262075,04/10/2014,2,1,Origin,Work,3,Dest,Home,1,1,8,3,,,1,,,2,,,,,3,15,4,,1,,2,3,,2,,82,2,3,,1,12,Punjabi,1,8,2,13.3261,2
262076,04/10/2014,2,1,Origin,Work,3,Dest,Home,2,2,,3,,,1,,,2,,,,,2,17,3,,1,,1,2,,3,,69,1,7,Latino,1,1,,1,7,1,3.8537,1
262077,04/10/2014,2,1,Origin,Work,3,Dest,Home,3,2,,5,,,1,,,2,,,,,2,17,2,,1,,1,3,,4,,85,1,2,,2,,,,3,2,5.9333,1
262078,04/10/2014,2,1,Origin,Work,3,Dest,Home,3,2,,3,,,1,,,2,,,,,2,16,3,,1,,1,5,,5,4,67,2,1,,2,,,,5,1,6.2683,1
262079,04/10/2014,2,1,Origin,Work,3,Dest,Home,1,1,8,3,,,1,,,2,,,,,2,16,3,,1,,1,3,,3,,0,2,1,,2,,,,9,2,8.4694,2
262080,04/10/2014,2,1,Origin,Work,3,Dest,Home,1,1,4,3,,,1,,,2,,,,,2,16,4,,1,,1,2,,3,,82,2,1,,2,,,,5,2,6.7234,2
262081,04/10/2014,2,1,Origin,Work,3,Dest,Home,1,1,13,3,,,1,,,2,,,,,1,17,3,,1,,1,2,,3,,85,2,2,,2,,,,5,1,5.9333,4
262082,04/15/2014,1,3,Origin,Home,1,Dest,Work,5,2,,1,,,1,,,,2,,,,1,16,3,,1,,1,2,,3,,54,1,7,Latina,1,1,,1,3,2,3.8537,3
262083,04/15/2014,1,3,Origin,Home,1,Dest,Work,3,2,,1,,,1,,,,2,,,,1,15,3,,1,,1,2,,4,,71,2,1,,2,,,,7,1,6.7234,2
262084,04/15/2014,1,3,Origin,Home,1,Dest,Work,3,2,,3,,,1,,,,2,,,,1,15,3,,1,,1,3,,5,4,60,1,7,Mexican,1,1,,1,7,2,6.7234,1
262085,04/15/2014,1,3,Origin,Home,1,Dest,Work,5,2,,1,,,1,,,,2,,,,1,16,3,,1,,1,4,,3,,64,2,1,,2,,,,6,1,8.4694,2
262086,04/15/2014,1,3,Origin,Home,1,Dest,Work,5,2,,1,,,1,,,,2,,,,1,15,2,,1,,1,6,,3,,72,1,7,Hispanic,2,,,,4,1,3.8537,2
262087,04/15/2014,1,3,Origin,Home,1,Dest,Work,5,2,,1,,,1,,,,2,,,,1,14,4,,3,,1,2,,2,,57,2,1,,1,12,Sign Language,1,3,2,10.5333,3
262088,04/15/2014,1,3,Origin,Home,1,Dest,Work,5,2,,1,,,1,,,,2,,,,1,15,3,,1,,1,2,,4,,58,2,1,,2,,,,6,2,8.4694,1
262089,04/15/2014,1,3,Origin,Home,1,Dest,Work,3,2,,1,,,1,,,,2,,,,1,16,3,,1,,1,5,,4,,78,2,7,Middle Eastern,1,12,Farsi,1,8,2,4.9286,2
262090,04/15/2014,1,3,Origin,Home,1,Dest,Work,3,2,,1,,,1,,,,2,,,,2,15,3,,1,,1,3,,3,,52,2,1,,2,,,,8,1,13.3261,2
262091,04/15/2014,1,3,Origin,Home,1,Dest,Work,3,2,,1,,,1,,,,2,,,,1,15,3,,1,,1,2,,4,,63,2,7,Filipino,1,6,,1,6,1,4.9286,2
262092,04/15/2014,1,3,Origin,Home,1,Dest,Work,4,2,,1,,,1,,,,2,,,,1,14,3,,1,,1,3,,3,,76,2,1,,2,,,,8,2,5.52,2
262094,04/15/2014,1,3,Origin,Home,1,Dest,Work,3,2,,1,,,1,,,,2,,,,1,16,4,,1,,1,2,,5,4,59,2,1,,2,,,,8,1,8.4694,2
262095,04/15/2014,1,3,Origin,Home,1,Dest,Work,5,2,,1,,,1,,,,2,,,,2,14,4,,2,,1,2,,4,,44,2,1,,2,,,,10,1,8.3158,2
262097,04/16/2014,1,3,Origin,Home,1,Dest,Work,3,2,,4,,,1,,,,2,,,,1,16,3,,1,,1,2,,2,,0,3,3,,1,6,,1,10,2,3.8537,1
262100,04/16/2014,1,3,Origin,Home,1,Dest,Work,3,2,,1,,,1,,,,2,,,,2,15,3,,1,,1,3,,3,,84,1,6,,2,,,,6,2,6.7234,2
262101,04/16/2014,1,3,Origin,Home,1,Dest,Work,3,2,,1,,,1,,,,2,,,,2,15,3,,1,,1,3,,4,,77,2,6,,2,,,,7,1,6.2683,2
262102,04/16/2014,1,3,Origin,Home,1,Dest,Work,3,2,,1,,,1,,,,2,,,,2,15,3,,1,,1,2,,3,,83,2,1,,2,,,,8,1,8.4694,3
262103,04/16/2014,1,3,Origin,Home,4,Dest,Social/Recreation,5,2,,1,6,,3,Q125,,,,3,,,1,15,3,,3,,2,1,,1,,59,2,1,,2,,,,1,2,6.2683,2
262104,04/16/2014,1,3,Origin,Home,1,Dest,Work,3,2,,1,,,1,,,,2,,,,2,16,4,,1,,1,3,,4,,49,2,1,,2,,,,7,1,5.52,2
262105,04/16/2014,1,3,Origin,Home,1,Dest,Work,3,2,,1,,,1,,,,2,,,,3,15,3,,1,,1,3,,3,,60,2,3,,1,6,,1,4,1,5.7368,2
262106,04/16/2014,1,3,Origin,Home,1,Dest,Work,3,2,,1,,,1,,,,2,,,,4,15,4,,1,,1,2,,3,,78,2,1,,2,,,,8,1,9.8636,2
271038,04/09/2014,2,1,Origin,Work,3,Dest,Home,1,1,8,3,,,1,,,2,,,,,2,15,4,,1,,1,2,,2,,76,3,3,,2,,,,8,1,5.5,2
271039,04/09/2014,2,1,Origin,Work,4,Dest,Social/Recreation,1,1,8,3,,,1,,,2,,,,,3,16,4,,1,,1,3,,4,,0,2,1,,2,,,,8,2,5.7368,2
271040,04/09/2014,2,1,Origin,Work,3,Dest,Home,1,2,,3,,,1,,,2,,,,,4,15,3,,1,,1,3,,4,,84,2,5,,2,,,,6,2,9.9167,1
271041,04/09/2014,2,1,Origin,Work,3,Dest,Home,3,2,,3,,,1,,,2,,,,,1,15,4,,1,,1,2,,3,,73,2,6,,2,,,,5,2,10.5333,1
271043,04/09/2014,2,1,Origin,Work,3,Dest,Home,1,1,9,5,,,1,,,2,,,,,4,15,2,,1,,2,2,,2,,88,2,1,,2,,,,4,1,11.2,2
271044,04/09/2014,2,1,Origin,Work,3,Dest,Home,1,2,,3,,,1,,,2,,,,,4,15,3,,1,,1,2,,4,,71,2,1,,2,,,,4,2,6.2683,1
271045,04/09/2014,2,1,Origin,Work,3,Dest,Home,1,2,,3,,,1,,,2,,,,,3,15,3,,1,,1,2,,3,,57,2,1,,2,,,,3,2,6.2683,1
271046,04/10/2014,2,1,Origin,Work,3,Dest,Home,1,2,,3,,,1,,,2,,,,,3,15,3,,1,,1,2,,3,,56,2,1,,2,,,,8,2,8.3158,1
271047,04/10/2014,2,1,Origin,Work,3,Dest,Home,1,2,,3,,,1,,,2,,,,,4,15,3,,1,,1,2,,4,,70,2,1,,2,,,,5,1,8.3158,1
271048,04/10/2014,2,1,Origin,Work,5,Dest,Shopping,1,2,,3,,,1,,,2,,,,,2,17,4,,1,,1,2,,2,,66,2,1,,2,,,,7,2,8.3158,1
271049,04/10/2014,2,1,Origin,Work,3,Dest,Home,3,2,,5,,,1,,,2,,,,,2,16,3,,1,,1,4,,3,,56,2,7,Filipino,1,6,,2,5,2,8.4694,1
271050,04/10/2014,2,1,Origin,Work,3,Dest,Home,1,1,8,3,,,1,,,2,,,,,4,15,3,,1,,1,3,,3,,57,2,1,,2,,,,8,1,13.3261,2
271051,04/10/2014,2,1,Origin,Work,3,Dest,Home,1,1,8,3,,,1,,,2,,,,,2,15,3,,1,,1,2,,4,,62,2,1,,2,,,,7,1,13.3261,2
271052,04/10/2014,2,1,Origin,Work,3,Dest,Home,3,2,,3,,,1,,,2,,,,,1,16,3,,1,,1,2,,3,,71,2,3,,1,4,,1,5,1,8.4694,1
271053,04/10/2014,2,1,Origin,Work,3,Dest,Home,3,2,,3,,,1,,,2,,,,,3,16,4,,1,,1,2,,4,,65,1,6,,2,,,,6,1,19.8,1
271054,04/10/2014,2,9,Origin,Personal Business,3,Dest,Home,1,1,8,5,4,,1,,,,,,,,1,16,2,,3,,2,2,,2,,64,1,7,Hispanic,1,1,,1,9,2,4.9286,2
271055,04/10/2014,2,1,Origin,Work,3,Dest,Home,3,2,,3,,,1,,,2,,,,,1,16,3,,1,,1,3,,3,,61,2,2,,2,,,,8,2,8.4694,1
271056,04/10/2014,2,1,Origin,Work,3,Dest,Home,1,1,8,3,,,3,Q125,,2,,,,,2,16,3,,1,,1,3,,4,,84,1,7,Latino,1,1,,1,5,1,8.4694,2
271058,04/10/2014,2,1,Origin,Work,3,Dest,Home,1,2,,3,,,1,,,2,,,,,2,16,5,LAW ENFORCEMENT,5,Law Enforcement,1,2,,3,,72,2,1,,2,,,,7,1,6.2683,1
271059,04/10/2014,2,7,Origin,College,3,Dest,Home,1,2,,5,2,Q120,,,3,,,,,,5,16,3,,1,,2,3,,3,,92,1,7,Mexican,2,,,,7,2,3.8537,1
271060,04/17/2014,1,3,Origin,Home,1,Dest,Work,1,1,7,1,,,1,,,,2,,,,2,15,1,,3,,1,2,,1,,63,1,6,,2,,,,4,2,5.9333,2
271061,04/17/2014,1,3,Origin,Home,1,Dest,Work,6,1,7,1,,,1,,,,2,,,,2,15,4,,4,,2,3,,1,,63,2,1,,2,,,,6,1,5.9333,4
271062,04/17/2014,1,3,Origin,Home,1,Dest,Work,3,2,,1,,,1,,,,2,,,,3,17,3,,1,,1,2,,3,,84,2,2,,2,,,,6,1,5.9333,2
271063,04/17/2014,1,3,Origin,Home,1,Dest,Work,3,2,,1,,,1,,,,2,,,,3,16,3,,1,,1,3,,5,4,74,2,1,,2,,,,8,1,6.7234,2
271065,04/17/2014,1,3,Origin,Home,1,Dest,Work,3,2,,3,,,1,,,,2,,,,3,17,2,,1,,1,3,,3,,70,1,1,,1,1,,1,5,1,6.7234,1
271066,04/17/2014,1,3,Origin,Home,1,Dest,Work,3,2,,1,,,1,,,,2,,,,4,16,2,,1,,1,2,,2,,54,1,7,Mexican,2,,,,5,1,10.5333,1
271067,04/17/2014,1,3,Origin,Home,1,Dest,Work,3,2,,1,,,1,,,,2,,,,4,15,4,,1,,1,3,,3,,78,2,3,,1,12,Hindi,1,10,1,5.7368,2
271069,04/17/2014,1,3,Origin,Home,1,Dest,Work,2,2,,2,,,1,,,,2,,,,4,15,3,,1,,1,4,,4,,58,2,7,Middle Eastern,1,12,Arabic,1,7,1,13.3261,1
271074,04/17/2014,1,3,Origin,Home,1,Dest,Work,3,2,,1,,,1,,,,2,,,,4,12,3,,2,,1,2,,3,,46,2,1,,2,,,,9,1,9.8636,2
271076,04/17/2014,1,3,Origin,Home,1,Dest,Work,5,2,,2,,,1,,,,2,,,,3,15,1,,1,,1,3,,3,,94,2,1,,2,,,,9,1,4.9286,2
271077,04/17/2014,1,3,Origin,Home,7,Dest,College,3,2,,6,6,,,,,,,,,2,4,14,2,,1,,1,2,,2,,62,2,2,,1,12,Igbo,1,4,1,4.9286,1
274256,04/09/2014,2,1,Origin,Work,3,Dest,Home,5,2,,3,,,1,,,2,,,,,2,14,4,,1,,1,2,,2,,54,2,3,,2,,,,6,1,8.3158,1
274259,04/09/2014,2,1,Origin,Work,3,Dest,Home,1,1,8,3,,,5,,,2,,,,,3,14,4,,1,,1,2,,4,,52,2,1,,2,,,,7,1,5.52,2
274260,04/09/2014,2,1,Origin,Work,3,Dest,Home,1,1,4,3,,,5,,,2,,,,,3,15,4,,1,,1,2,,2,,84,1,2,,2,,,,6,1,9.9167,2
274268,04/09/2014,2,1,Origin,Work,3,Dest,Home,5,2,,3,,,1,,,2,,,,,3,16,3,,1,,1,4,,4,,59,2,1,,2,,,,7,1,6.2683,2
274269,04/09/2014,2,1,Origin,Work,3,Dest,Home,1,2,,3,,,1,,,2,,,,,3,15,3,,1,,1,3,,3,,70,1,6,,1,1,,1,9,2,4.9286,1
274273,04/09/2014,2,1,Origin,Work,3,Dest,Home,3,2,,5,,,1,,,2,,,,,1,16,4,,3,,1,2,,3,,59,2,4,,2,,,,7,2,3.8537,1
274274,04/10/2014,2,7,Origin,College,3,Dest,Home,5,2,,5,4,,,,,,,,2,,1,17,3,,1,,1,3,,2,,95,1,6,,2,,,,9,1,4.9286,1
274275,04/10/2014,2,1,Origin,Work,3,Dest,Home,1,1,8,3,,,1,,,2,,,,,2,16,4,,1,,1,2,,2,,73,2,1,,2,,,,5,2,4.9286,2
274276,04/10/2014,2,1,Origin,Work,3,Dest,Home,1,1,13,3,,,1,,,2,,,,,1,17,4,,5,Employer Discount,1,3,,4,,81,1,4,,2,,,,5,2,5.5,2
274277,04/10/2014,2,1,Origin,Work,3,Dest,Home,1,2,,3,,,1,,,2,,,,,3,13,3,,5,Employer Discount,1,3,,3,,80,2,1,,2,,,,7,2,5.7368,1
274279,04/10/2014,2,1,Origin,Work,3,Dest,Home,1,1,8,3,,,1,,,2,,,,,4,15,4,,5,Pre Tax Commuting Payroll Deduction,1,2,,3,,74,2,1,,2,,,,8,1,5.7368,2
274280,04/10/2014,2,1,Origin,Work,3,Dest,Home,1,1,8,3,,,1,,,2,,,,,3,16,3,,1,,1,4,,5,8,58,2,1,,2,,,,8,1,5.7368,2
274281,04/10/2014,2,1,Origin,Work,3,Dest,Home,1,1,8,1,,,1,,,2,,,,,4,15,3,,5,Pre Tax Commuting Payroll Deduction,1,3,,3,,56,2,1,,2,,,,7,2,13.3261,2
274282,04/10/2014,2,1,Origin,Work,3,Dest,Home,1,1,8,1,,,1,,,2,,,,,3,16,2,,1,,1,4,,4,,56,2,1,,2,,,,8,1,8.4694,2
274283,04/10/2014,2,1,Origin,Work,3,Dest,Home,1,1,9,1,,,1,,,2,,,,,3,16,4,,1,,1,3,,4,,90,2,3,,2,,,,4,1,11.2,2
274284,04/10/2014,2,1,Origin,Work,3,Dest,Home,5,2,,1,,,1,,,2,,,,,2,17,3,,1,,1,3,,5,4,72,2,2,,2,,,,7,1,5.5,2
274286,04/10/2014,2,1,Origin,Work,3,Dest,Home,1,1,3,3,,,1,,,2,,,,,2,16,4,,1,,1,3,,3,,57,2,1,,2,,,,8,2,6.2683,3
274289,04/15/2014,1,3,Origin,Home,1,Dest,Work,5,2,,1,,,1,,,,2,,,,1,15,4,,1,,1,5,,4,,55,1,7,Hispanic,2,,,,6,1,3.8537,2
274290,04/15/2014,1,3,Origin,Home,13,Dest,Medical/Dental,1,1,7,5,5,,1,,,,,,,,1,15,2,,2,,1,2,,1,,45,2,2,,1,1,,1,2,1,8.5,2
274291,04/15/2014,1,3,Origin,Home,1,Dest,Work,3,2,,1,,,1,,,,2,,,,1,15,4,,1,,1,2,,2,,55,2,2,,2,,,,9,2,3.8537,2
274292,04/15/2014,1,3,Origin,Home,1,Dest,Work,3,2,,3,,,1,,,,2,,,,1,16,3,,1,,1,2,,3,,64,2,2,,2,,,,6,2,5.9333,1
274295,04/15/2014,1,3,Origin,Home,1,Dest,Work,3,2,,1,,,1,,,,2,,,,1,16,4,,1,,1,4,,4,,58,2,1,,2,,,,7,2,8.4694,2
274296,04/15/2014,1,3,Origin,Home,1,Dest,Work,3,2,,3,,,1,,,,2,,,,1,15,4,,3,,1,3,,4,,65,2,7,Polish,2,,,,8,2,5.5,1
274300,04/16/2014,1,3,Origin,Home,1,Dest,Work,5,2,,3,,,1,,,,2,,,,2,16,4,,1,,1,4,,4,,91,1,7,Hispanic/Latino,1,1,,1,5,2,5.5,1
274301,04/16/2014,1,3,Origin,Home,1,Dest,Work,3,2,,5,,,1,,,,2,,,,2,15,3,,1,,1,3,,3,,67,2,1,,2,,,,5,2,10.5333,1
274304,04/16/2014,1,3,Origin,Home,1,Dest,Work,2,2,,2,,,1,,,,2,,,,2,16,3,,1,,1,2,,4,,0,2,1,,2,,,,5,1,11.2,1
274306,04/16/2014,1,3,Origin,Home,1,Dest,Work,3,2,,4,,,1,,,,2,,,,2,15,4,,1,,1,3,,3,,78,1,7,Mexican,2,,,,2,1,11.2,1
274307,04/16/2014,1,3,Origin,Home,1,Dest,Work,2,2,,2,,,1,,,,2,,,,3,14,4,,1,,1,2,,4,,61,2,1,,2,,,,7,1,8.4286,1
274310,04/16/2014,1,3,Origin,Home,1,Dest,Work,5,2,,5,,,1,,,,2,,,,3,16,4,,1,,1,5,,4,,68,2,1,,2,,,,7,1,9.9167,2
275259,04/09/2014,2,7,Origin,College,3,Dest,Home,1,1,13,3,4,,,,,,,,2,,4,16,3,,1,,1,3,,5,4,95,1,7,Mexican,1,1,,1,6,2,8.5,2
275260,04/09/2014,2,1,Origin,Work,3,Dest,Home,1,1,8,3,,,1,,,2,,,,,1,16,3,,1,,1,3,,3,,63,1,7,Hispanic,1,1,,1,7,1,5.5,2
275262,04/09/2014,2,1,Origin,Work,3,Dest,Home,4,2,,4,,,1,,,2,,,,,2,15,4,,1,,1,3,,4,,52,2,1,,2,,,,5,1,9.3684,1
275263,04/09/2014,2,1,Origin,Work,3,Dest,Home,3,2,,5,,,1,,,2,,,,,2,15,4,,1,,1,2,,4,,57,1,7,Hispanic,2,,,,5,2,9.3684,1
275264,04/09/2014,2,1,Origin,Work,3,Dest,Home,1,1,8,3,,,1,,,2,,,,,4,16,4,,1,,1,2,,3,,65,2,3,,1,12,Khmer,1,7,1,3.8537,2
275265,04/09/2014,2,1,Origin,Work,3,Dest,Home,1,1,5,3,,,1,,,2,,,,,2,15,4,,1,,1,3,,4,,57,2,3,,2,,,,6,1,6.2683,2
275266,04/09/2014,2,1,Origin,Work,3,Dest,Home,1,1,13,3,,,1,,,2,,,,,3,15,3,,1,,1,2,,3,,75,2,1,,2,,,,7,1,8.4694,2
275267,04/09/2014,2,1,Origin,Work,3,Dest,Home,1,1,5,5,,,1,,,2,,,,,2,15,4,,3,,2,3,,5,4,73,1,7,Hispanic,2,,,,10,1,11.2,2
275268,04/09/2014,2,1,Origin,Work,3,Dest,Home,3,2,,3,,,1,,,2,,,,,2,16,4,,1,,1,3,,5,4,61,2,3,,1,6,,2,5,2,3.8537,1
275269,04/09/2014,2,1,Origin,Work,3,Dest,Home,1,1,8,3,,,1,,,2,,,,,2,16,3,,1,,1,2,,3,,66,2,3,,1,12,Cambodian,2,5,1,3.8537,2
275271,04/10/2014,2,1,Origin,Work,3,Dest,Home,5,2,,3,,,1,,,2,,,,,2,16,4,,1,,1,4,,4,,69,1,7,Hispanic,1,1,,1,5,2,5.5,1
275272,04/10/2014,2,1,Origin,Work,3,Dest,Home,1,1,8,5,,,1,,,2,,,,,3,15,4,,2,,1,3,,3,,48,2,1,,1,12,Greek,1,6,2,8.3158,3
275273,04/10/2014,2,1,Origin,Work,3,Dest,Home,2,2,,2,,,1,,,2,,,,,5,15,3,,1,,1,3,,3,,70,2,3,,1,2,,2,8,1,9.8636,1
275274,04/10/2014,2,1,Origin,Work,3,Dest,Home,1,1,1,3,,,1,,,2,,,,,2,17,3,,1,,1,3,,3,,71,2,6,,2,,,,5,2,3.8537,2
275275,04/10/2014,2,1,Origin,Work,3,Dest,Home,3,2,,3,,,1,,,2,,,,,1,16,4,,5,State Discount,1,6,,4,,81,1,7,Hispanic/Latino,1,1,,1,5,2,6.7234,1
275276,04/10/2014,2,7,Origin,College,3,Dest,Home,1,2,,1,5,,,,,,,,2,,7,17,3,,1,,1,1,,2,,94,2,1,,2,,,,1,2,5.7368,1
275277,04/10/2014,2,1,Origin,Work,3,Dest,Home,1,1,8,3,,,3,Q125,,2,,,,,1,16,3,,1,,1,3,,3,,60,2,1,,2,,,,10,1,6.7234,2
275279,04/15/2014,1,3,Origin,Home,1,Dest,Work,3,2,,4,,,1,,,,2,,,,1,15,4,,1,,1,3,,3,,73,1,6,,2,,,,7,1,3.8537,1
275281,04/15/2014,1,3,Origin,Home,1,Dest,Work,3,2,,1,,,1,,,,2,,,,1,17,3,,1,,1,2,,2,,85,3,2,,2,,,,6,1,5.9333,4
275282,04/15/2014,1,3,Origin,Home,1,Dest,Work,3,2,,1,,,1,,,,2,,,,1,14,3,,2,,1,2,,3,,48,1,6,,2,,,,6,2,6.7234,2
275283,04/15/2014,1,3,Origin,Home,1,Dest,Work,1,2,,1,,,1,,,,2,,,,1,14,4,,1,,1,5,,4,,54,1,7,Hispanic,1,1,,1,6,1,8.4694,2
275284,04/15/2014,1,3,Origin,Home,1,Dest,Work,3,2,,1,,,1,,,,2,,,,1,2,4,,1,,1,5,,3,,66,1,1,,2,,,,7,2,4.9286,3
275285,04/15/2014,1,3,Origin,Home,1,Dest,Work,3,2,,1,,,1,,,,2,,,,1,17,3,,1,,1,3,,4,,72,2,1,,2,,,,7,1,9.9167,2
275286,04/15/2014,1,3,Origin,Home,1,Dest,Work,3,2,,1,,,1,,,,2,,,,2,15,4,,1,,1,2,,3,,59,2,1,,2,,,,5,2,13.3261,2
275287,04/15/2014,1,3,Origin,Home,1,Dest,Work,5,2,,1,,,1,,,,2,,,,2,14,4,,1,,1,4,,5,4,53,2,3,,1,6,,2,6,2,9.875,2
275289,04/16/2014,1,3,Origin,Home,1,Dest,Work,3,2,,3,,,1,,,,2,,,,2,13,3,,1,,1,3,,4,,55,2,3,,1,6,,1,5,1,5.9333,1
275292,04/16/2014,1,3,Origin,Home,1,Dest,Work,3,2,,1,,,1,,,,2,,,,2,16,3,,1,,1,5,,5,4,67,2,1,,2,,,,6,1,6.7234,2
275295,04/16/2014,1,3,Origin,Home,1,Dest,Work,3,2,,3,,,1,,,,2,,,,2,15,3,,1,,1,2,,4,,58,2,1,,2,,,,6,2,9.3684,1
275296,04/16/2014,1,3,Origin,Home,1,Dest,Work,3,2,,3,,,1,,,,2,,,,2,16,3,,1,,1,2,,5,5,61,2,3,,1,6,,1,8,1,8.4694,1
275297,04/16/2014,1,3,Origin,Home,1,Dest,Work,3,2,,1,,,1,,,,2,,,,2,15,3,,1,,1,2,,2,,56,2,1,,2,,,,5,1,6.2683,2
275299,04/16/2014,1,3,Origin,Home,1,Dest,Work,3,2,,1,,,1,,,,2,,,,2,15,1,,1,,1,3,,4,,72,2,2,,1,12,Yoruba,1,7,1,9.3684,2
275300,04/16/2014,1,3,Origin,Home,1,Dest,Work,3,2,,3,,,1,,,,2,,,,2,15,4,,1,,1,3,,4,,63,2,2,,1,1,,1,7,1,10.5333,1
275302,04/16/2014,1,3,Origin,Home,1,Dest,Work,3,2,,1,,,1,,,,2,,,,3,14,3,,1,,1,2,,4,,61,2,1,,2,,,,8,1,5.52,2
275303,04/16/2014,1,3,Origin,Home,1,Dest,Work,3,2,,1,,,1,,,,2,,,,2,16,3,,1,,1,5,,4,,54,2,1,,2,,,,8,2,5.52,2
275304,04/16/2014,1,3,Origin,Home,1,Dest,Work,3,2,,1,,,1,,,,2,,,,3,13,3,,1,,1,2,,3,,72,2,1,,2,,,,10,1,13.3261,2
275305,04/16/2014,1,3,Origin,Home,1,Dest,Work,3,2,,1,,,1,,,,2,,,,3,14,3,,1,,1,3,,3,,90,2,1,,2,,,,5,1,8.3158,1
275307,04/16/2014,1,3,Origin,Home,1,Dest,Work,3,2,,1,,,1,,,,2,,,,2,16,3,,1,,1,2,,3,,60,2,1,,2,,,,10,1,8.4694,2
275308,04/16/2014,1,3,Origin,Home,1,Dest,Work,3,2,,1,,,1,,,,2,,,,2,16,4,,1,,1,2,,4,,54,2,2,,2,,,,7,1,6.7234,2
275309,04/16/2014,1,3,Origin,Home,1,Dest,Work,3,2,,1,,,1,,,,2,,,,2,15,3,,1,,1,3,,3,,61,2,1,,2,,,,7,1,8.4694,2
275311,04/16/2014,1,3,Origin,Home,1,Dest,Work,3,2,,1,,,1,,,,2,,,,3,17,3,,1,,1,3,,3,,61,2,1,,2,,,,6,1,8.3158,2
275313,04/16/2014,1,3,Origin,Home,1,Dest,Work,3,2,,1,,,1,,,,2,,,,3,16,3,,1,,1,5,,5,4,87,2,3,,1,3,,1,5,2,8.3158,2
276299,04/09/2014,2,1,Origin,Work,3,Dest,Home,1,1,8,3,,,1,,,2,,,,,4,14,4,,1,,1,4,,5,6,57,2,1,,2,,,,8,1,9.8636,2
276300,04/09/2014,2,1,Origin,Work,3,Dest,Home,2,2,,2,,,1,,,2,,,,,3,14,4,,1,,1,2,,3,,73,2,1,,2,,,,7,1,13.3261,1
276301,04/09/2014,2,1,Origin,Work,3,Dest,Home,1,1,13,3,,,1,,,2,,,,,3,15,3,,5,Pre Tax Commuting Payroll Deduction,1,3,,3,,74,1,7,Hispanic/Latino,2,,,,8,2,5.52,2
276302,04/09/2014,2,1,Origin,Work,3,Dest,Home,1,1,13,3,,,1,,,2,,,,,2,15,3,,1,,1,2,,3,,62,1,7,Hispanic,2,,,,8,1,5.7368,2
276304,04/09/2014,2,1,Origin,Work,3,Dest,Home,1,2,,3,,,1,,,2,,,,,1,16,3,,1,,1,3,,3,,68,2,2,,2,,,,6,2,4.9286,1
276305,04/09/2014,2,1,Origin,Work,3,Dest,Home,4,2,,3,,,1,,,2,,,,,2,16,3,,1,,1,2,,3,,59,1,7,Hispanic,2,,,,4,2,6.2683,2
277343,04/09/2014,2,1,Origin,Work,3,Dest,Home,6,2,,5,,,1,,,,,,,,3,15,3,,1,,1,1,,4,,74,2,2,,2,,,,1,1,9.9167,1
277344,04/09/2014,2,1,Origin,Work,3,Dest,Home,2,2,,2,,,1,,,2,,,,,2,14,4,,1,,1,2,,2,,64,2,1,,2,,,,6,1,8.3158,1
277345,04/09/2014,2,1,Origin,Work,3,Dest,Home,6,2,,3,,,1,,,2,,,,,1,15,4,,1,,1,2,,5,4,57,1,7,Latino,1,1,,1,5,2,4.9286,1
277348,04/09/2014,2,1,Origin,Work,3,Dest,Home,2,1,8,2,,,1,,,2,,,,,2,14,3,,1,,1,2,,2,,82,2,1,,2,,,,6,1,13.3261,2
277349,04/09/2014,2,1,Origin,Work,3,Dest,Home,1,1,8,3,,,1,,,2,,,,,3,15,3,,1,,1,4,,4,,59,2,1,,2,,,,7,1,8.4694,2
277354,04/09/2014,2,1,Origin,Work,3,Dest,Home,2,2,,2,,,1,,,2,,,,,3,15,3,,1,,1,3,,3,,67,2,7,Human,1,12,Slovak,1,10,1,5.7368,1
277359,04/09/2014,2,1,Origin,Work,3,Dest,Home,6,2,,3,,,1,,,2,,,,,1,16,3,,1,,1,4,,4,,63,2,2,,2,,,,7,1,6.2683,1
277360,04/09/2014,2,1,Origin,Work,3,Dest,Home,1,1,9,1,,,1,,,2,,,,,4,15,4,,1,,1,2,,3,,78,2,7,Pakistani,1,12,Urdu,1,7,1,11.2,2
277361,04/09/2014,2,1,Origin,Work,3,Dest,Home,6,1,5,3,,,1,,,2,,,,,2,15,4,,1,,1,2,,2,,60,1,7,Spanish,1,1,,1,4,2,6.2683,2
277370,04/10/2014,2,1,Origin,Work,5,Dest,Shopping,1,2,,3,,,1,,,2,,,,,4,16,4,,1,,1,3,,2,,84,2,3,,1,12,Marathi,1,8,2,8.3158,1
277371,04/10/2014,2,1,Origin,Work,3,Dest,Home,1,2,,3,,,1,,,2,,,,,4,15,3,,1,,1,3,,3,,0,2,7,Refused,1,12,Refused,1,10,1,8.3158,1
277372,04/10/2014,2,1,Origin,Work,3,Dest,Home,1,1,8,3,,,1,,,2,,,,,4,15,3,,1,,1,3,,3,,0,1,1,,1,1,,1,7,1,5.7368,2
277377,04/10/2014,2,1,Origin,Work,3,Dest,Home,1,1,8,4,,,1,,,2,,,,,2,16,4,,3,,1,3,,3,,52,2,1,,2,,,,10,2,6.7234,2
277378,04/10/2014,2,1,Origin,Work,3,Dest,Home,3,2,,3,,,1,,,2,,,,,4,14,3,,1,,1,4,,4,,66,1,7,Spanish,1,1,,1,7,1,9.3684,1
277381,04/10/2014,2,1,Origin,Work,3,Dest,Home,3,2,,3,,,1,,,2,,,,,4,15,4,,1,,1,2,,4,,60,2,2,,1,12,Ghana,1,8,2,10.5333,1
277384,04/10/2014,2,1,Origin,Work,3,Dest,Home,5,2,,3,,,1,,,2,,,,,4,16,3,,1,,1,3,,4,,71,2,1,,2,,,,8,2,8.4694,1
277385,04/10/2014,2,1,Origin,Work,3,Dest,Home,6,1,8,3,,,1,,,2,,,,,1,17,4,,1,,1,3,,3,,63,2,2,,2,,,,6,1,3.8537,2
277395,04/10/2014,2,1,Origin,Work,3,Dest,Home,4,2,,3,,,1,,,2,,,,,2,17,4,,1,,1,2,,3,,62,2,1,,2,,,,6,1,6.7234,2
277401,04/15/2014,1,3,Origin,Home,1,Dest,Work,3,2,,3,,,1,,,,2,,,,1,15,4,,1,,1,2,,4,,75,2,3,,1,12,Hindi,1,10,1,6.7234,1
277402,04/15/2014,1,3,Origin,Home,1,Dest,Work,3,2,,4,,,1,,,,2,,,,1,14,4,,1,,1,2,,3,,64,2,3,,2,,,,7,1,8.4694,1
277403,04/15/2014,1,3,Origin,Home,1,Dest,Work,3,2,,3,,,1,,,,2,,,,1,14,4,,1,,1,6,,5,5,59,2,1,,1,1,,1,6,1,4.9286,1
277406,04/15/2014,1,3,Origin,Home,1,Dest,Work,3,2,,1,,,1,,,,2,,,,1,14,4,,1,,1,2,,4,,64,1,7,Spanish,1,1,,1,10,1,13.3261,2
277407,04/16/2014,1,3,Origin,Home,1,Dest,Work,3,2,,1,,,1,,,,2,,,,2,16,3,,1,,1,3,,2,,86,1,1,,2,,,,5,2,3.8537,2
277408,04/16/2014,1,3,Origin,Home,1,Dest,Work,3,2,,3,,,1,,,,2,,,,2,15,3,,1,,1,3,,4,,73,1,1,,1,1,,1,7,2,5.9333,1
277409,04/16/2014,1,3,Origin,Home,1,Dest,Work,4,2,,4,,,1,,,,2,,,,2,14,4,,5,Employer Discount,2,3,,3,,81,1,1,,1,1,,1,2,1,9.3684,1
277410,04/16/2014,1,3,Origin,Home,1,Dest,Work,3,2,,1,,,1,,,,2,,,,1,16,2,,1,,1,2,,3,,75,1,1,,2,,,,4,2,6.2683,2
277413,04/16/2014,1,3,Origin,Home,1,Dest,Work,3,2,,1,,,1,,,,2,,,,2,16,3,,1,,1,4,,5,4,64,2,1,,2,,,,7,1,8.4694,2
277414,04/16/2014,1,3,Origin,Home,1,Dest,Work,2,2,,2,,,1,,,,2,,,,3,15,3,,1,,1,3,,5,4,58,2,1,,2,,,,8,1,5.7368,1
277415,04/16/2014,1,3,Origin,Home,1,Dest,Work,3,2,,1,,,1,,,,2,,,,3,13,3,,1,,1,3,,3,,66,2,1,,2,,,,8,1,5.7368,2
277416,04/16/2014,1,3,Origin,Home,1,Dest,Work,3,2,,3,,,1,,,,2,,,,2,14,3,,1,,1,4,,5,4,57,2,2,,2,,,,7,2,8.4694,1
277419,04/16/2014,1,12,Origin,Hotel,1,Dest,Work,3,2,,2,,,1,,,,2,,,,3,15,2,,1,,1,2,,3,,60,2,1,,2,,,,8,1,8.3158,2
277421,04/16/2014,1,3,Origin,Home,7,Dest,College,5,2,,1,2,Q120,,,3,,,,,,2,16,3,,5,Student Discount (SJSU),2,6,,4,,92,1,1,,1,1,,1,5,2,4.9286,1
277423,04/17/2014,1,3,Origin,Home,1,Dest,Work,5,2,,1,,,1,,,,2,,,,3,16,4,,1,,2,2,,2,,80,2,1,,2,,,,7,1,5.9333,2
277424,04/17/2014,1,3,Origin,Home,1,Dest,Work,5,2,,5,,,1,,,,2,,,,3,14,3,,1,,1,3,,4,,52,2,1,,2,,,,6,2,5.9333,1
277425,04/17/2014,1,3,Origin,Home,7,Dest,College,3,2,,1,2,Q120,,,3,,,,,,3,16,3,,1,,1,2,,2,,65,2,2,,2,,,,4,2,3.8537,2
277426,04/17/2014,1,3,Origin,Home,1,Dest,Work,5,2,,1,,,1,,,,2,,,,3,15,3,,1,,1,2,,2,,57,2,1,,2,,,,4,2,6.2683,1
277427,04/17/2014,1,3,Origin,Home,1,Dest,Work,3,2,,1,,,1,,,,2,,,,3,14,3,,1,,1,3,,5,4,62,2,1,,2,,,,7,2,6.2683,1
277428,04/17/2014,1,3,Origin,Home,1,Dest,Work,3,2,,1,,,1,,,,2,,,,3,15,3,,1,,1,2,,2,,59,2,1,,2,,,,4,2,6.2683,1
277429,04/17/2014,1,3,Origin,Home,1,Dest,Work,3,2,,1,,,1,,,,2,,,,3,16,2,,1,,1,3,,3,,61,2,1,,2,,,,6,2,6.7234,2
277430,04/17/2014,1,3,Origin,Home,1,Dest,Work,3,2,,3,,,1,,,,2,,,,3,15,4,,1,,1,5,,5,4,93,1,1,,1,1,,1,9,2,11.2,1
277431,04/17/2014,1,3,Origin,Home,1,Dest,Work,3,2,,4,,,1,,,,2,,,,3,15,3,,1,,1,4,,3,,74,2,1,,2,,,,5,2,6.2683,1
277434,04/17/2014,1,3,Origin,Home,1,Dest,Work,5,2,,1,,,1,,,,2,,,,4,14,3,,1,,1,5,,3,,72,2,1,,2,,,,8,2,5.7368,2
277438,04/17/2014,1,3,Origin,Home,1,Dest,Work,3,2,,1,,,1,,,,2,,,,4,15,3,,1,,1,2,,4,,72,2,1,,2,,,,5,1,9.8636,2
277439,04/17/2014,1,3,Origin,Home,1,Dest,Work,2,2,,1,,,1,,,,2,,,,4,15,3,,1,,1,3,,5,4,64,2,1,,2,,,,9,1,9.8636,2
2092005663,04/09/2014,2,1,Origin,Work,3,Dest,Home,1,1,13,3,,,1,,,2,,,,,2,16,4,,1,,1,3,,4,,54,2,1,,2,,,,8,1,8.5,2
2093466125,04/17/2014,1,3,Origin,Home,1,Dest,Work,3,2,,1,,,1,,,,2,,,,4,15,3,,1,,1,3,,4,,63,2,2,,2,,,,7,1,8.4694,2
2093739034,04/10/2014,2,1,Origin,Work,3,Dest,Home,1,1,8,5,,,1,,,2,,,,,2,16,3,,1,,2,3,,2,,71,2,1,,2,,,,6,2,6.7234,2
2094065473,04/15/2014,1,3,Origin,Home,1,Dest,Work,4,2,,1,,,1,,,,2,,,,1,15,4,,1,,1,5,,4,,89,1,7,Latino,2,,,,8,2,3.8537,2
2094305541,04/09/2014,2,1,Origin,Work,3,Dest,Home,1,1,8,3,,,1,,,2,,,,,2,13,4,,1,,1,2,,3,,58,2,1,,2,,,,6,2,8.5,2
2094502973,04/16/2014,1,3,Origin,Home,1,Dest,Work,3,2,,1,,,1,,,,2,,,,3,16,3,,1,,1,3,,3,,65,1,1,,1,1,,1,4,2,6.7234,2
2094821493,04/16/2014,1,3,Origin,Home,7,Dest,College,4,2,,1,6,,,,,,,,,2,2,17,3,,5,Student Discount (SJSU),1,2,,2,,86,2,2,,1,12,Sign Langauge,1,10,2,8.5,2
2096012808,04/10/2014,2,1,Origin,Work,3,Dest,Home,1,1,8,3,,,1,,,2,,,,,3,16,3,,1,,1,3,,3,,66,2,1,,2,,,,10,1,4.9286,2
2097565367,04/15/2014,1,3,Origin,Home,1,Dest,Work,3,2,,1,,,5,,,,2,,,,2,14,4,,1,,1,4,,5,4,81,2,5,,1,12,Hindi,1,7,2,19.8,2
2098358955,04/10/2014,2,1,Origin,Work,3,Dest,Home,1,1,8,3,,,1,,,2,,,,,4,16,4,,1,,1,2,,3,,76,2,3,,1,12,Bengali,1,8,1,5.52,3
2099142803,04/10/2014,2,1,Origin,Work,3,Dest,Home,1,1,8,1,,,1,,,2,,,,,3,15,3,,1,,1,3,,4,,68,2,3,,1,6,,1,6,1,8.4694,2
2099145262,04/16/2014,1,3,Origin,Home,1,Dest,Work,3,2,,1,,,1,,,,2,,,,2,15,3,,1,,1,3,,4,,64,2,1,,2,,,,8,1,8.4694,3
2099159894,04/16/2014,1,3,Origin,Home,7,Dest,College,3,2,,1,2,Q120,,,3,,,,,,2,17,3,,5,Student Discount (SJSU),1,5,,4,,92,2,2,,1,12,Sign Language,1,10,2,8.5,2
2099559786,04/09/2014,2,1,Origin,Work,3,Dest,Home,1,1,8,3,,,1,,,2,,,,,1,16,3,,1,,1,2,,2,,75,2,2,,2,,,,5,1,3.8537,3
4082184822,04/16/2014,1,3,Origin,Home,1,Dest,Work,3,2,,1,,,1,,,,2,,,,2,16,3,,1,,1,2,,4,,63,2,1,,2,,,,8,1,8.4694,2
4082218591,04/17/2014,1,3,Origin,Home,1,Dest,Work,3,2,,1,,,1,,,,2,,,,4,16,4,,1,,1,2,,3,,61,2,3,,1,6,,1,7,1,8.4694,2
4082301503,04/15/2014,1,3,Origin,Home,1,Dest,Work,3,2,,3,,,1,,,,2,,,,1,16,3,,1,,1,3,,4,,66,2,1,,2,,,,4,2,6.2683,1
4083071914,04/17/2014,1,3,Origin,Home,1,Dest,Work,3,2,,1,,,1,,,,2,,,,3,16,3,,1,,1,3,,3,,54,1,7,Mexican,1,1,,1,8,2,5.52,2
4083099708,04/17/2014,1,3,Origin,Home,1,Dest,Work,3,2,,4,,,1,,,,2,,,,3,16,3,,1,,1,3,,5,4,53,2,3,,1,12,Punjabi,1,5,1,8.4694,1
4083167157,04/16/2014,1,3,Origin,Home,1,Dest,Work,3,2,,1,,,1,,,,2,,,,3,14,3,,1,,1,6,,5,5,58,2,1,,2,,,,8,1,5.52,2
4083905049,04/10/2014,2,1,Origin,Work,3,Dest,Home,4,2,,5,,,1,,,2,,,,,2,16,4,,1,,2,5,,5,4,67,2,3,,1,6,,2,5,2,8.4694,1
4084066254,04/09/2014,2,1,Origin,Work,5,Dest,Shopping,3,2,,5,,,1,,,2,,,,,4,20,1,,1,,1,2,,4,,57,1,1,,1,1,,1,2,1,8.5,1
4084208041,04/10/2014,2,1,Origin,Work,3,Dest,Home,1,2,,5,,,5,,,2,,,,,2,15,4,,5,Employer Discount,1,3,,3,,74,1,1,,2,,,,5,1,5.5,1
4084998729,04/09/2014,2,1,Origin,Work,3,Dest,Home,4,2,,5,,,1,,,2,,,,,3,15,3,,1,,1,2,,2,,80,1,1,,1,1,,1,5,1,6.2683,1
4085046202,04/10/2014,2,1,Origin,Work,3,Dest,Home,1,1,13,3,,,1,,,2,,,,,2,16,3,,1,,1,4,,5,4,70,1,7,Hispanic,2,,,,8,2,6.7234,2
4085104881,04/16/2014,1,3,Origin,Home,1,Dest,Work,3,2,,1,,,1,,,,2,,,,3,14,4,,5,Yahoo Employee Discount,1,3,,3,,60,2,1,,2,,,,8,1,5.52,2
4085634826,04/10/2014,2,1,Origin,Work,3,Dest,Home,1,1,8,3,,,1,,,2,,,,,4,15,3,,1,,1,3,,3,,69,2,3,,1,3,,1,8,2,13.3261,2
4085659050,04/15/2014,1,3,Origin,Home,1,Dest,Work,3,2,,1,,,1,,,,2,,,,1,15,4,,1,,1,2,,3,,50,2,1,,2,,,,7,2,8.4694,3
4086270804,04/16/2014,1,3,Origin,Home,1,Dest,Work,4,2,,1,,,1,,,,2,,,,3,15,3,,1,,1,3,,4,,79,2,1,,2,,,,9,2,5.5,2
4086669907,04/17/2014,1,3,Origin,Home,1,Dest,Work,3,2,,1,,,1,,,,2,,,,4,15,3,,1,,1,4,,4,,73,2,7,Indian,1,12,Hindi,1,7,1,13.3261,1
4088450769,04/15/2014,1,3,Origin,Home,1,Dest,Work,3,2,,1,,,1,,,,2,,,,3,14,3,,1,,1,5,,5,4,68,2,1,,2,,,,7,2,9.8636,2
4088589664,04/17/2014,1,3,Origin,Home,1,Dest,Work,5,2,,1,,,1,,,,2,,,,2,16,3,,1,,1,3,,3,,54,2,2,,2,,,,6,2,8.4694,2
4088893022,04/17/2014,1,3,Origin,Home,1,Dest,Work,3,2,,1,,,1,,,,2,,,,4,15,3,,1,,1,5,,4,,63,2,3,,2,,,,8,1,13.3261,2
4155005163,04/17/2014,1,3,Origin,Home,1,Dest,Work,3,2,,1,,,1,,,,2,,,,3,15,3,,1,,1,2,,3,,67,1,7,Hispanic,1,1,,1,7,1,5.52,2
5104893127,04/15/2014,1,3,Origin,Home,1,Dest,Work,3,2,,1,,,1,,,,2,,,,2,14,3,,1,,1,5,,4,,0,2,3,,1,3,,2,4,2,9.8636,2
5105529384,04/15/2014,1,3,Origin,Home,1,Dest,Work,3,2,,1,,,5,,,,2,,,,2,14,4,,5,Pre Tax Commuting Payroll Deduction,1,3,,4,,56,2,1,,2,,,,5,1,9.8636,2
5105793933,04/10/2014,2,1,Origin,Work,3,Dest,Home,1,1,8,3,,,1,,,2,,,,,3,16,3,,1,,1,2,,3,,75,2,3,,1,12,Hindi,2,7,1,9.9167,2
5106103999,04/17/2014,1,3,Origin,Home,1,Dest,Work,3,2,,1,,,5,,,,2,,,,4,14,4,,3,,1,6,,5,7,53,2,1,,2,,,,7,1,9.8636,2
6502455008,04/10/2014,2,1,Origin,Work,3,Dest,Home,1,1,8,3,,,5,,,2,,,,,2,15,4,,1,,1,4,,4,,79,1,1,,1,1,,1,8,1,6.7234,2
6502799621,04/16/2014,1,3,Origin,Home,1,Dest,Work,3,2,,3,,,1,,,,2,,,,2,16,4,,4,,1,2,,3,,59,2,1,,2,,,,5,2,8.4694,1
6507938014,04/16/2014,1,3,Origin,Home,1,Dest,Work,3,2,,3,,,1,,,,2,,,,3,14,3,,1,,1,3,,4,,66,2,1,,1,12,Arabic,1,7,1,8.4694,1
7327188715,04/10/2014,2,1,Origin,Work,3,Dest,Home,1,1,8,3,,,1,,,2,,,,,4,15,3,,5,Pre Tax Commuting Payroll Deduction,1,2,,3,,76,2,1,,2,,,,7,1,13.3261,2
9252228949,04/17/2014,1,3,Origin,Home,1,Dest,Work,3,2,,1,,,1,,,,2,,,,4,15,4,,1,,1,3,,3,,60,2,3,,1,3,,1,8,1,13.3261,2
9253370632,04/15/2014,1,3,Origin,Home,1,Dest,Work,3,2,,1,,,1,,,,2,,,,1,14,4,,1,,1,3,,4,,65,2,1,,2,,,,8,1,5.52,2
9253515113,04/15/2014,1,3,Origin,Home,1,Dest,Work,5,2,,3,,,1,,,,2,,,,1,14,3,,1,,1,4,,4,,62,2,1,,2,,,,7,1,8.4694,1
9253663180,04/16/2014,1,3,Origin,Home,1,Dest,Work,3,2,,1,,,1,,,,2,,,,2,14,3,,1,,1,3,,4,,73,2,1,,2,,,,8,2,5.52,2
9255180029,04/17/2014,1,3,Origin,Home,1,Dest,Work,3,2,,1,,,1,,,,2,,,,4,16,3,,1,,1,2,,2,,87,2,5,,1,12,Hindi,1,5,2,5.7368,2
9258580869,04/10/2014,2,1,Origin,Work,3,Dest,Home,5,1,8,5,,,1,,,2,,,,,3,16,4,,1,,1,5,,4,,68,2,1,,2,,,,7,1,9.9167,2
9259891929,04/17/2014,1,3,Origin,Home,1,Dest,Work,3,2,,1,,,1,,,,2,,,,4,15,3,,1,,1,3,,3,,69,2,3,,1,3,,2,7,2,13.3261,2
9494006534,04/10/2014,2,1,Origin,Work,3,Dest,Home,5,2,,3,,,1,,,2,,,,,4,15,3,,1,,1,3,,3,,67,2,3,,1,12,Gujrati,1,8,1,19.8,1
