ID,ROUTE,DIRECTION,DAYPART,SCH_STOPPOINT_SEQNO
500109,1R,SOUTHBOUND,MIDDAY,7
500361,1R,NORTHBOUND,MIDDAY,1
500602,1R,SOUTHBOUND,AM PEAK,21
500763,1R,SOUTHBOUND,MIDDAY,9
500866,1R,NORTHBOUND,MIDDAY,2
500868,1R,NORTHBOUND,MIDDAY,1
501363,1R,NORTHBOUND,PM PEAK,2
501399,1R,SOUTHBOUND,MIDDAY,2
501782,1R,NORTHBOUND,MIDDAY,1
501823,1R,SOUTHBOUND,AM PEAK,17
503928,1R,SOUTHBOUND,PM PEAK,3
504501,1R,NORTHBOUND,MIDDAY,
504502,1R,NORTHBOUND,MIDDAY,8
504503,1R,NORTHBOUND,MIDDAY,
504504,1R,NORTHBOUND,MIDDAY,3
504505,1R,NORTHBOUND,MIDDAY,
504506,1R,NORTHBOUND,MIDDAY,4
504507,1R,NORTHBOUND,MIDDAY,
504508,1R,NORTHBOUND,MIDDAY,
504509,1R,NORTHBOUND,MIDDAY,2
504510,1R,NORTHBOUND,MIDDAY,2
504511,1R,NORTHBOUND,MIDDAY,
504512,1R,NORTHBOUND,MIDDAY,30
504513,1R,NORTHBOUND,MIDDAY,9
504514,1R,NORTHBOUND,MIDDAY,
504515,1R,NORTHBOUND,MIDDAY,
504516,1R,NORTHBOUND,MIDDAY,
504517,1R,NORTHBOUND,MIDDAY,
504518,1R,NORTHBOUND,MIDDAY,20
504519,1R,NORTHBOUND,MIDDAY,
504520,1R,NORTHBOUND,MIDDAY,6
504521,1R,NORTHBOUND,MIDDAY,8
504522,1R,NORTHBOUND,MIDDAY,24
504523,1R,NORTHBOUND,MIDDAY,9
504524,1R,NORTHBOUND,MIDDAY,9
504525,1R,NORTHBOUND,MIDDAY,
504314,1R,NORTHBOUND,MIDDAY,1
504315,1R,NORTHBOUND,MIDDAY,
504316,1R,NORTHBOUND,MIDDAY,
504317,1R,NORTHBOUND,MIDDAY,
504318,1R,NORTHBOUND,MIDDAY,
504320,1R,NORTHBOUND,MIDDAY,
504322,1R,NORTHBOUND,MIDDAY,
504323,1R,NORTHBOUND,MIDDAY,12
504324,1R,NORTHBOUND,MIDDAY,12
504325,1R,NORTHBOUND,MIDDAY,
504816,1R,NORTHBOUND,AM PEAK,29
504833,1R,NORTHBOUND,MIDDAY,1
504834,1R,NORTHBOUND,MIDDAY,1
504835,1R,NORTHBOUND,MIDDAY,12
504836,1R,NORTHBOUND,MIDDAY,30
504837,1R,NORTHBOUND,MIDDAY,11
504838,1R,NORTHBOUND,MIDDAY,11
504839,1R,NORTHBOUND,MIDDAY,14
504840,1R,NORTHBOUND,MIDDAY,14
504841,1R,NORTHBOUND,MIDDAY,15
504842,1R,NORTHBOUND,MIDDAY,15
504843,1R,NORTHBOUND,MIDDAY,26
504844,1R,NORTHBOUND,MIDDAY,30
504845,1R,NORTHBOUND,MIDDAY,35
504846,1R,SOUTHBOUND,PM PEAK,10
504847,1R,SOUTHBOUND,PM PEAK,10
504848,1R,SOUTHBOUND,PM PEAK,10
504849,1R,SOUTHBOUND,PM PEAK,10
504850,1R,SOUTHBOUND,PM PEAK,10
504851,1R,NORTHBOUND,MIDDAY,36
504854,1R,NORTHBOUND,MIDDAY,37
504855,1R,SOUTHBOUND,MIDDAY,1
504857,1R,SOUTHBOUND,MIDDAY,2
504858,1R,SOUTHBOUND,MIDDAY,
504859,1R,SOUTHBOUND,MIDDAY,3
504860,1R,SOUTHBOUND,MIDDAY,
504861,1R,SOUTHBOUND,MIDDAY,
504862,1R,SOUTHBOUND,MIDDAY,
504863,1R,SOUTHBOUND,MIDDAY,12
504802,1R,NORTHBOUND,AM PEAK,9
504864,1R,SOUTHBOUND,MIDDAY,12
504865,1R,SOUTHBOUND,MIDDAY,8
504866,1R,SOUTHBOUND,MIDDAY,9
504867,1R,SOUTHBOUND,MIDDAY,13
504868,1R,SOUTHBOUND,MIDDAY,9
504869,1R,SOUTHBOUND,MIDDAY,
504870,1R,SOUTHBOUND,MIDDAY,8
504871,1R,SOUTHBOUND,MIDDAY,25
504872,1R,SOUTHBOUND,MIDDAY,12
504873,1R,SOUTHBOUND,MIDDAY,17
504874,1R,SOUTHBOUND,MIDDAY,18
504875,1R,SOUTHBOUND,MIDDAY,12
504951,1R,SOUTHBOUND,PM PEAK,1
504952,1R,SOUTHBOUND,PM PEAK,4
504953,1R,SOUTHBOUND,PM PEAK,4
504954,1R,SOUTHBOUND,PM PEAK,8
504955,1R,SOUTHBOUND,PM PEAK,16
504956,1R,SOUTHBOUND,PM PEAK,8
504957,1R,SOUTHBOUND,PM PEAK,5
504958,1R,SOUTHBOUND,PM PEAK,8
504959,1R,SOUTHBOUND,PM PEAK,9
504960,1R,SOUTHBOUND,PM PEAK,9
504961,1R,SOUTHBOUND,PM PEAK,9
504962,1R,SOUTHBOUND,PM PEAK,10
504963,1R,SOUTHBOUND,PM PEAK,10
504964,1R,SOUTHBOUND,PM PEAK,10
504965,1R,SOUTHBOUND,PM PEAK,10
504966,1R,SOUTHBOUND,PM PEAK,10
504967,1R,SOUTHBOUND,PM PEAK,11
504968,1R,SOUTHBOUND,PM PEAK,11
504969,1R,SOUTHBOUND,PM PEAK,17
504970,1R,SOUTHBOUND,PM PEAK,15
504971,1R,SOUTHBOUND,PM PEAK,18
504972,1R,SOUTHBOUND,PM PEAK,17
504973,1R,SOUTHBOUND,PM PEAK,17
504974,1R,SOUTHBOUND,PM PEAK,17
504975,1R,SOUTHBOUND,PM PEAK,
504976,1R,NORTHBOUND,PM PEAK,1
504977,1R,NORTHBOUND,PM PEAK,1
504978,1R,NORTHBOUND,PM PEAK,16
504979,1R,NORTHBOUND,PM PEAK,1
504980,1R,NORTHBOUND,PM PEAK,1
504981,1R,NORTHBOUND,PM PEAK,1
504982,1R,NORTHBOUND,PM PEAK,3
504984,1R,NORTHBOUND,PM PEAK,3
504985,1R,NORTHBOUND,PM PEAK,3
504986,1R,NORTHBOUND,PM PEAK,6
504987,1R,NORTHBOUND,PM PEAK,6
504988,1R,NORTHBOUND,PM PEAK,6
504989,1R,NORTHBOUND,PM PEAK,8
504990,1R,NORTHBOUND,PM PEAK,10
504991,1R,NORTHBOUND,PM PEAK,22
504994,1R,NORTHBOUND,PM PEAK,25
504995,1R,NORTHBOUND,PM PEAK,25
504996,1R,NORTHBOUND,PM PEAK,35
504997,1R,SOUTHBOUND,PM PEAK,2
504998,1R,SOUTHBOUND,PM PEAK,2
504999,1R,SOUTHBOUND,PM PEAK,2
505000,1R,SOUTHBOUND,PM PEAK,3
505065,1R,SOUTHBOUND,PM PEAK,10
505076,1R,SOUTHBOUND,MIDDAY,4
505077,1R,SOUTHBOUND,MIDDAY,4
505078,1R,SOUTHBOUND,MIDDAY,6
505079,1R,SOUTHBOUND,MIDDAY,6
505081,1R,SOUTHBOUND,MIDDAY,8
505082,1R,SOUTHBOUND,MIDDAY,9
505083,1R,SOUTHBOUND,MIDDAY,9
505084,1R,SOUTHBOUND,MIDDAY,10
505085,1R,SOUTHBOUND,MIDDAY,11
505086,1R,SOUTHBOUND,MIDDAY,11
505087,1R,SOUTHBOUND,MIDDAY,12
505088,1R,SOUTHBOUND,MIDDAY,12
505089,1R,SOUTHBOUND,MIDDAY,12
505090,1R,SOUTHBOUND,MIDDAY,12
505092,1R,SOUTHBOUND,MIDDAY,13
505093,1R,SOUTHBOUND,MIDDAY,13
505094,1R,SOUTHBOUND,MIDDAY,4
505095,1R,SOUTHBOUND,MIDDAY,4
505096,1R,SOUTHBOUND,MIDDAY,4
505310,1R,NORTHBOUND,AM PEAK,12
505311,1R,NORTHBOUND,AM PEAK,16
505312,1R,NORTHBOUND,AM PEAK,16
505313,1R,NORTHBOUND,AM PEAK,21
505314,1R,NORTHBOUND,AM PEAK,21
505315,1R,NORTHBOUND,AM PEAK,23
505316,1R,NORTHBOUND,AM PEAK,
505317,1R,NORTHBOUND,AM PEAK,22
505318,1R,NORTHBOUND,AM PEAK,15
505320,1R,NORTHBOUND,AM PEAK,29
505321,1R,NORTHBOUND,AM PEAK,29
505323,1R,NORTHBOUND,AM PEAK,30
505324,1R,NORTHBOUND,AM PEAK,30
505325,1R,NORTHBOUND,AM PEAK,30
505326,1R,NORTHBOUND,AM PEAK,30
505327,1R,NORTHBOUND,AM PEAK,30
505328,1R,NORTHBOUND,AM PEAK,32
505329,1R,NORTHBOUND,AM PEAK,32
505330,1R,NORTHBOUND,AM PEAK,30
505332,1R,SOUTHBOUND,AM PEAK,2
505333,1R,SOUTHBOUND,AM PEAK,3
505334,1R,SOUTHBOUND,AM PEAK,4
505335,1R,SOUTHBOUND,AM PEAK,4
505336,1R,SOUTHBOUND,AM PEAK,4
505337,1R,SOUTHBOUND,AM PEAK,4
505340,1R,SOUTHBOUND,AM PEAK,7
505341,1R,SOUTHBOUND,AM PEAK,8
505342,1R,SOUTHBOUND,AM PEAK,
505343,1R,SOUTHBOUND,AM PEAK,
505345,1R,SOUTHBOUND,AM PEAK,
505346,1R,SOUTHBOUND,AM PEAK,
505347,1R,SOUTHBOUND,AM PEAK,13
505348,1R,SOUTHBOUND,AM PEAK,14
505349,1R,SOUTHBOUND,AM PEAK,3
505350,1R,SOUTHBOUND,AM PEAK,15
505351,1R,SOUTHBOUND,MIDDAY,2
505352,1R,SOUTHBOUND,MIDDAY,3
505353,1R,SOUTHBOUND,MIDDAY,2
505354,1R,SOUTHBOUND,MIDDAY,3
505355,1R,SOUTHBOUND,MIDDAY,
505356,1R,SOUTHBOUND,MIDDAY,2
505357,1R,SOUTHBOUND,MIDDAY,6
505358,1R,SOUTHBOUND,MIDDAY,4
505360,1R,SOUTHBOUND,MIDDAY,13
505361,1R,SOUTHBOUND,MIDDAY,13
505362,1R,SOUTHBOUND,MIDDAY,13
505364,1R,SOUTHBOUND,MIDDAY,2
505365,1R,SOUTHBOUND,MIDDAY,13
505366,1R,SOUTHBOUND,MIDDAY,3
505367,1R,SOUTHBOUND,MIDDAY,9
505368,1R,SOUTHBOUND,MIDDAY,6
505369,1R,SOUTHBOUND,MIDDAY,16
505370,1R,SOUTHBOUND,MIDDAY,16
505371,1R,SOUTHBOUND,MIDDAY,25
505372,1R,SOUTHBOUND,MIDDAY,25
505376,1R,SOUTHBOUND,AM PEAK,4
505377,1R,SOUTHBOUND,AM PEAK,9
505378,1R,SOUTHBOUND,AM PEAK,9
505379,1R,SOUTHBOUND,AM PEAK,9
505097,1R,SOUTHBOUND,MIDDAY,4
505098,1R,SOUTHBOUND,MIDDAY,13
505099,1R,SOUTHBOUND,MIDDAY,5
505100,1R,SOUTHBOUND,MIDDAY,7
505101,1R,SOUTHBOUND,MIDDAY,8
505102,1R,SOUTHBOUND,MIDDAY,8
505103,1R,SOUTHBOUND,MIDDAY,10
505104,1R,SOUTHBOUND,MIDDAY,11
505105,1R,SOUTHBOUND,MIDDAY,13
505106,1R,SOUTHBOUND,MIDDAY,14
505107,1R,SOUTHBOUND,MIDDAY,15
505108,1R,SOUTHBOUND,MIDDAY,17
505109,1R,SOUTHBOUND,MIDDAY,17
505110,1R,NORTHBOUND,MIDDAY,29
505111,1R,NORTHBOUND,MIDDAY,29
505112,1R,NORTHBOUND,MIDDAY,30
505113,1R,NORTHBOUND,MIDDAY,30
505114,1R,NORTHBOUND,MIDDAY,31
505115,1R,NORTHBOUND,MIDDAY,33
505116,1R,NORTHBOUND,MIDDAY,30
505117,1R,SOUTHBOUND,PM PEAK,2
505118,1R,SOUTHBOUND,PM PEAK,2
505119,1R,SOUTHBOUND,PM PEAK,2
505120,1R,SOUTHBOUND,PM PEAK,2
505121,1R,SOUTHBOUND,PM PEAK,2
505122,1R,SOUTHBOUND,PM PEAK,2
505123,1R,SOUTHBOUND,PM PEAK,11
505124,1R,SOUTHBOUND,PM PEAK,2
505125,1R,SOUTHBOUND,PM PEAK,2
505126,1R,SOUTHBOUND,PM PEAK,2
505127,1R,SOUTHBOUND,PM PEAK,12
505128,1R,SOUTHBOUND,PM PEAK,2
505129,1R,SOUTHBOUND,PM PEAK,2
505130,1R,SOUTHBOUND,PM PEAK,2
505131,1R,SOUTHBOUND,PM PEAK,13
505132,1R,SOUTHBOUND,PM PEAK,5
505133,1R,SOUTHBOUND,MIDDAY,3
505134,1R,SOUTHBOUND,PM PEAK,5
505135,1R,SOUTHBOUND,PM PEAK,8
505136,1R,SOUTHBOUND,PM PEAK,8
505137,1R,SOUTHBOUND,PM PEAK,8
505138,1R,SOUTHBOUND,PM PEAK,9
505139,1R,SOUTHBOUND,PM PEAK,9
505140,1R,SOUTHBOUND,PM PEAK,9
505141,1R,SOUTHBOUND,PM PEAK,11
505142,1R,SOUTHBOUND,PM PEAK,13
505143,1R,SOUTHBOUND,PM PEAK,1
505144,1R,SOUTHBOUND,PM PEAK,13
505145,1R,SOUTHBOUND,PM PEAK,10
505147,1R,SOUTHBOUND,PM PEAK,5
505148,1R,SOUTHBOUND,PM PEAK,7
505149,1R,SOUTHBOUND,PM PEAK,5
505150,1R,SOUTHBOUND,PM PEAK,9
505151,1R,NORTHBOUND,MIDDAY,4
505152,1R,NORTHBOUND,MIDDAY,6
505153,1R,NORTHBOUND,MIDDAY,9
505155,1R,NORTHBOUND,MIDDAY,11
505156,1R,NORTHBOUND,MIDDAY,11
505157,1R,NORTHBOUND,MIDDAY,11
505158,1R,NORTHBOUND,MIDDAY,11
505159,1R,NORTHBOUND,MIDDAY,1
505160,1R,NORTHBOUND,MIDDAY,11
505161,1R,NORTHBOUND,MIDDAY,11
505163,1R,NORTHBOUND,MIDDAY,12
505164,1R,NORTHBOUND,MIDDAY,12
505165,1R,NORTHBOUND,MIDDAY,12
505166,1R,SOUTHBOUND,MIDDAY,14
505167,1R,SOUTHBOUND,MIDDAY,14
505168,1R,NORTHBOUND,MIDDAY,14
505169,1R,NORTHBOUND,MIDDAY,16
505171,1R,NORTHBOUND,MIDDAY,16
505172,1R,NORTHBOUND,MIDDAY,19
505173,1R,NORTHBOUND,MIDDAY,21
505174,1R,NORTHBOUND,MIDDAY,21
505175,1R,NORTHBOUND,MIDDAY,21
505176,1R,NORTHBOUND,MIDDAY,23
505178,1R,NORTHBOUND,MIDDAY,25
505179,1R,NORTHBOUND,MIDDAY,25
505180,1R,NORTHBOUND,MIDDAY,25
505181,1R,NORTHBOUND,MIDDAY,26
505182,1R,NORTHBOUND,MIDDAY,26
505183,1R,NORTHBOUND,MIDDAY,26
505184,1R,NORTHBOUND,MIDDAY,30
505185,1R,NORTHBOUND,MIDDAY,26
505186,1R,NORTHBOUND,MIDDAY,22
505187,1R,NORTHBOUND,MIDDAY,3
505188,1R,NORTHBOUND,MIDDAY,29
505189,1R,NORTHBOUND,MIDDAY,35
505190,1R,NORTHBOUND,MIDDAY,35
505191,1R,SOUTHBOUND,MIDDAY,
505192,1R,SOUTHBOUND,MIDDAY,2
505193,1R,SOUTHBOUND,MIDDAY,2
505194,1R,SOUTHBOUND,MIDDAY,2
505195,1R,SOUTHBOUND,MIDDAY,2
505196,1R,SOUTHBOUND,MIDDAY,3
505197,1R,SOUTHBOUND,MIDDAY,4
505198,1R,SOUTHBOUND,MIDDAY,4
505199,1R,SOUTHBOUND,MIDDAY,4
505200,1R,SOUTHBOUND,MIDDAY,4
505226,1R,NORTHBOUND,AM PEAK,1
505227,1R,NORTHBOUND,AM PEAK,1
505228,1R,NORTHBOUND,AM PEAK,8
505230,1R,NORTHBOUND,AM PEAK,12
505231,1R,NORTHBOUND,AM PEAK,8
505232,1R,NORTHBOUND,AM PEAK,10
505233,1R,NORTHBOUND,AM PEAK,10
505234,1R,NORTHBOUND,AM PEAK,
505235,1R,NORTHBOUND,AM PEAK,13
505236,1R,NORTHBOUND,AM PEAK,13
505237,1R,NORTHBOUND,AM PEAK,13
505238,1R,NORTHBOUND,AM PEAK,23
505240,1R,NORTHBOUND,AM PEAK,30
505242,1R,NORTHBOUND,MIDDAY,
505245,1R,NORTHBOUND,MIDDAY,27
505246,1R,NORTHBOUND,MIDDAY,29
505247,1R,NORTHBOUND,MIDDAY,
505249,1R,NORTHBOUND,MIDDAY,37
505250,1R,NORTHBOUND,MIDDAY,
505275,1R,SOUTHBOUND,MIDDAY,25
505277,1R,NORTHBOUND,AM PEAK,1
505278,1R,NORTHBOUND,AM PEAK,1
505279,1R,NORTHBOUND,AM PEAK,9
505280,1R,NORTHBOUND,AM PEAK,8
505281,1R,NORTHBOUND,AM PEAK,8
505282,1R,NORTHBOUND,AM PEAK,10
505283,1R,NORTHBOUND,AM PEAK,11
505287,1R,NORTHBOUND,MIDDAY,1
505289,1R,NORTHBOUND,MIDDAY,26
505291,1R,NORTHBOUND,MIDDAY,21
505292,1R,NORTHBOUND,MIDDAY,6
505293,1R,NORTHBOUND,MIDDAY,
505294,1R,NORTHBOUND,MIDDAY,
505295,1R,NORTHBOUND,MIDDAY,10
505297,1R,NORTHBOUND,MIDDAY,12
505298,1R,NORTHBOUND,MIDDAY,
505299,1R,NORTHBOUND,MIDDAY,
505300,1R,NORTHBOUND,MIDDAY,1
505301,1R,NORTHBOUND,AM PEAK,1
505302,1R,NORTHBOUND,AM PEAK,1
505303,1R,NORTHBOUND,AM PEAK,3
505304,1R,NORTHBOUND,AM PEAK,4
505305,1R,NORTHBOUND,AM PEAK,4
505306,1R,NORTHBOUND,AM PEAK,7
505307,1R,NORTHBOUND,AM PEAK,8
505308,1R,NORTHBOUND,AM PEAK,9
505309,1R,NORTHBOUND,AM PEAK,10
506026,1R,NORTHBOUND,MIDDAY,
506027,1R,NORTHBOUND,MIDDAY,
506028,1R,NORTHBOUND,MIDDAY,32
506029,1R,NORTHBOUND,MIDDAY,32
506030,1R,NORTHBOUND,MIDDAY,34
506031,1R,SOUTHBOUND,MIDDAY,
506032,1R,SOUTHBOUND,MIDDAY,2
506033,1R,SOUTHBOUND,MIDDAY,2
506034,1R,SOUTHBOUND,MIDDAY,
506036,1R,SOUTHBOUND,MIDDAY,2
506037,1R,SOUTHBOUND,MIDDAY,
506038,1R,SOUTHBOUND,MIDDAY,3
506039,1R,SOUTHBOUND,MIDDAY,
506040,1R,SOUTHBOUND,MIDDAY,
506041,1R,SOUTHBOUND,MIDDAY,9
506042,1R,SOUTHBOUND,MIDDAY,
506043,1R,SOUTHBOUND,MIDDAY,2
506044,1R,SOUTHBOUND,MIDDAY,
506045,1R,SOUTHBOUND,MIDDAY,
506046,1R,SOUTHBOUND,MIDDAY,3
506047,1R,SOUTHBOUND,MIDDAY,
506048,1R,SOUTHBOUND,MIDDAY,
506049,1R,SOUTHBOUND,MIDDAY,
506050,1R,SOUTHBOUND,MIDDAY,13
506051,1R,SOUTHBOUND,MIDDAY,
506052,1R,SOUTHBOUND,MIDDAY,
506053,1R,SOUTHBOUND,MIDDAY,8
506054,1R,SOUTHBOUND,MIDDAY,
506056,1R,SOUTHBOUND,MIDDAY,4
506057,1R,SOUTHBOUND,MIDDAY,10
506058,1R,SOUTHBOUND,MIDDAY,13
506059,1R,SOUTHBOUND,MIDDAY,
506060,1R,SOUTHBOUND,MIDDAY,17
506061,1R,SOUTHBOUND,MIDDAY,
506062,1R,SOUTHBOUND,MIDDAY,
506063,1R,NORTHBOUND,PM PEAK,
506064,1R,NORTHBOUND,PM PEAK,
506065,1R,NORTHBOUND,PM PEAK,
506066,1R,NORTHBOUND,PM PEAK,
506067,1R,NORTHBOUND,PM PEAK,
506068,1R,NORTHBOUND,PM PEAK,9
506069,1R,NORTHBOUND,PM PEAK,16
506070,1R,NORTHBOUND,PM PEAK,
506071,1R,NORTHBOUND,PM PEAK,
506072,1R,NORTHBOUND,PM PEAK,13
506073,1R,NORTHBOUND,PM PEAK,
506074,1R,NORTHBOUND,PM PEAK,
506076,1R,NORTHBOUND,PM PEAK,
506077,1R,NORTHBOUND,PM PEAK,29
506078,1R,NORTHBOUND,PM PEAK,
506079,1R,NORTHBOUND,PM PEAK,
506080,1R,NORTHBOUND,PM PEAK,
506081,1R,NORTHBOUND,PM PEAK,
506082,1R,NORTHBOUND,PM PEAK,
505380,1R,SOUTHBOUND,AM PEAK,10
505381,1R,SOUTHBOUND,AM PEAK,10
505382,1R,SOUTHBOUND,AM PEAK,11
505383,1R,NORTHBOUND,MIDDAY,1
505384,1R,NORTHBOUND,MIDDAY,
505385,1R,NORTHBOUND,MIDDAY,
505386,1R,NORTHBOUND,MIDDAY,1
505387,1R,NORTHBOUND,MIDDAY,3
505388,1R,NORTHBOUND,MIDDAY,6
505389,1R,NORTHBOUND,MIDDAY,
505390,1R,NORTHBOUND,MIDDAY,
505391,1R,NORTHBOUND,MIDDAY,
505392,1R,NORTHBOUND,MIDDAY,9
505394,1R,NORTHBOUND,MIDDAY,30
505395,1R,NORTHBOUND,MIDDAY,12
505396,1R,NORTHBOUND,MIDDAY,12
505397,1R,NORTHBOUND,MIDDAY,12
505398,1R,NORTHBOUND,MIDDAY,27
505399,1R,NORTHBOUND,MIDDAY,30
505418,1R,SOUTHBOUND,AM PEAK,5
505450,1R,SOUTHBOUND,MIDDAY,12
505501,1R,SOUTHBOUND,PM PEAK,1
505504,1R,SOUTHBOUND,PM PEAK,17
505505,1R,SOUTHBOUND,PM PEAK,25
505507,1R,NORTHBOUND,PM PEAK,9
505508,1R,NORTHBOUND,PM PEAK,11
505509,1R,NORTHBOUND,PM PEAK,11
505510,1R,NORTHBOUND,PM PEAK,13
505511,1R,NORTHBOUND,PM PEAK,13
505512,1R,NORTHBOUND,PM PEAK,30
505513,1R,SOUTHBOUND,PM PEAK,3
505514,1R,SOUTHBOUND,PM PEAK,13
505515,1R,SOUTHBOUND,PM PEAK,7
505518,1R,SOUTHBOUND,PM PEAK,13
505551,1R,NORTHBOUND,MIDDAY,
505552,1R,NORTHBOUND,MIDDAY,13
505553,1R,NORTHBOUND,MIDDAY,
505554,1R,SOUTHBOUND,PM PEAK,
505556,1R,NORTHBOUND,PM PEAK,2
505557,1R,NORTHBOUND,PM PEAK,1
505558,1R,NORTHBOUND,PM PEAK,3
505559,1R,NORTHBOUND,PM PEAK,11
505560,1R,NORTHBOUND,PM PEAK,13
505561,1R,NORTHBOUND,PM PEAK,21
505562,1R,SOUTHBOUND,PM PEAK,
505564,1R,SOUTHBOUND,PM PEAK,
505566,1R,NORTHBOUND,EARLY AM,9
505578,1R,NORTHBOUND,PM PEAK,
505579,1R,NORTHBOUND,PM PEAK,1
505580,1R,NORTHBOUND,PM PEAK,
505581,1R,NORTHBOUND,PM PEAK,
505583,1R,NORTHBOUND,PM PEAK,1
505584,1R,NORTHBOUND,PM PEAK,
505585,1R,NORTHBOUND,PM PEAK,
505586,1R,NORTHBOUND,PM PEAK,
505587,1R,NORTHBOUND,PM PEAK,2
505588,1R,NORTHBOUND,PM PEAK,
505589,1R,NORTHBOUND,PM PEAK,
505590,1R,NORTHBOUND,PM PEAK,22
505591,1R,NORTHBOUND,PM PEAK,
505592,1R,NORTHBOUND,PM PEAK,
505593,1R,NORTHBOUND,PM PEAK,30
505595,1R,NORTHBOUND,PM PEAK,
505596,1R,NORTHBOUND,PM PEAK,
505597,1R,NORTHBOUND,PM PEAK,26
505598,1R,NORTHBOUND,PM PEAK,
505599,1R,NORTHBOUND,PM PEAK,27
505600,1R,NORTHBOUND,PM PEAK,26
505626,1R,NORTHBOUND,EARLY AM,4
505627,1R,NORTHBOUND,EARLY AM,11
505628,1R,NORTHBOUND,EARLY AM,12
505629,1R,NORTHBOUND,EARLY AM,22
505630,1R,SOUTHBOUND,AM PEAK,1
505631,1R,SOUTHBOUND,AM PEAK,4
505632,1R,SOUTHBOUND,AM PEAK,6
505633,1R,SOUTHBOUND,AM PEAK,11
505634,1R,SOUTHBOUND,AM PEAK,13
505635,1R,SOUTHBOUND,AM PEAK,13
505636,1R,SOUTHBOUND,AM PEAK,2
505637,1R,SOUTHBOUND,AM PEAK,7
505638,1R,SOUTHBOUND,AM PEAK,11
505639,1R,SOUTHBOUND,AM PEAK,13
505640,1R,SOUTHBOUND,AM PEAK,13
505641,1R,NORTHBOUND,AM PEAK,1
505642,1R,NORTHBOUND,AM PEAK,26
505643,1R,NORTHBOUND,AM PEAK,1
505644,1R,NORTHBOUND,AM PEAK,1
505645,1R,NORTHBOUND,AM PEAK,1
505646,1R,NORTHBOUND,AM PEAK,1
505648,1R,NORTHBOUND,AM PEAK,2
505649,1R,NORTHBOUND,AM PEAK,10
505650,1R,NORTHBOUND,AM PEAK,9
505661,1R,NORTHBOUND,AM PEAK,9
505715,1R,NORTHBOUND,AM PEAK,1
505716,1R,NORTHBOUND,AM PEAK,
505717,1R,NORTHBOUND,AM PEAK,
505718,1R,NORTHBOUND,AM PEAK,
505719,1R,NORTHBOUND,AM PEAK,
505720,1R,NORTHBOUND,AM PEAK,9
505722,1R,NORTHBOUND,AM PEAK,
505723,1R,NORTHBOUND,AM PEAK,9
505724,1R,NORTHBOUND,AM PEAK,
505725,1R,NORTHBOUND,AM PEAK,
505867,1R,SOUTHBOUND,MIDDAY,5
505995,1R,SOUTHBOUND,MIDDAY,12
506083,1R,NORTHBOUND,PM PEAK,24
506084,1R,NORTHBOUND,PM PEAK,
506086,1R,NORTHBOUND,PM PEAK,34
506087,1R,NORTHBOUND,PM PEAK,
506088,1R,NORTHBOUND,PM PEAK,
506089,1R,NORTHBOUND,PM PEAK,
506090,1R,NORTHBOUND,PM PEAK,
506091,1R,SOUTHBOUND,PM PEAK,
506092,1R,SOUTHBOUND,PM PEAK,2
506093,1R,SOUTHBOUND,PM PEAK,
506094,1R,SOUTHBOUND,PM PEAK,
506095,1R,SOUTHBOUND,PM PEAK,
506096,1R,SOUTHBOUND,PM PEAK,
506097,1R,SOUTHBOUND,PM PEAK,2
506098,1R,SOUTHBOUND,PM PEAK,
506099,1R,SOUTHBOUND,PM PEAK,
506100,1R,SOUTHBOUND,PM PEAK,3
506101,1R,NORTHBOUND,MIDDAY,12
506102,1R,NORTHBOUND,MIDDAY,
506103,1R,NORTHBOUND,MIDDAY,32
506104,1R,NORTHBOUND,MIDDAY,
506105,1R,NORTHBOUND,MIDDAY,17
506106,1R,NORTHBOUND,MIDDAY,22
506108,1R,NORTHBOUND,MIDDAY,
506109,1R,NORTHBOUND,MIDDAY,17
506110,1R,NORTHBOUND,MIDDAY,25
506111,1R,NORTHBOUND,MIDDAY,
506112,1R,NORTHBOUND,MIDDAY,19
506113,1R,NORTHBOUND,MIDDAY,
506114,1R,NORTHBOUND,MIDDAY,
506115,1R,NORTHBOUND,MIDDAY,29
506116,1R,NORTHBOUND,MIDDAY,
506117,1R,NORTHBOUND,MIDDAY,
506118,1R,NORTHBOUND,MIDDAY,
506119,1R,NORTHBOUND,MIDDAY,
506120,1R,NORTHBOUND,MIDDAY,
506121,1R,NORTHBOUND,MIDDAY,29
506122,1R,NORTHBOUND,MIDDAY,30
506123,1R,NORTHBOUND,MIDDAY,32
506124,1R,NORTHBOUND,MIDDAY,
506125,1R,NORTHBOUND,MIDDAY,
506251,1R,SOUTHBOUND,AM PEAK,15
506252,1R,SOUTHBOUND,PM PEAK,2
506253,1R,SOUTHBOUND,PM PEAK,1
506254,1R,SOUTHBOUND,PM PEAK,
506255,1R,SOUTHBOUND,PM PEAK,4
506256,1R,SOUTHBOUND,PM PEAK,
506259,1R,SOUTHBOUND,PM PEAK,
506260,1R,SOUTHBOUND,PM PEAK,
506261,1R,SOUTHBOUND,PM PEAK,
506263,1R,SOUTHBOUND,PM PEAK,4
506264,1R,SOUTHBOUND,PM PEAK,
506265,1R,SOUTHBOUND,PM PEAK,
506268,1R,SOUTHBOUND,PM PEAK,8
506269,1R,SOUTHBOUND,PM PEAK,10
506270,1R,SOUTHBOUND,PM PEAK,10
506271,1R,SOUTHBOUND,PM PEAK,11
506272,1R,SOUTHBOUND,PM PEAK,
506273,1R,SOUTHBOUND,PM PEAK,
506274,1R,SOUTHBOUND,PM PEAK,
506275,1R,SOUTHBOUND,PM PEAK,
506296,1R,NORTHBOUND,MIDDAY,25
506297,1R,NORTHBOUND,MIDDAY,31
506298,1R,NORTHBOUND,MIDDAY,31
506299,1R,NORTHBOUND,MIDDAY,33
506300,1R,NORTHBOUND,MIDDAY,33
506326,1R,SOUTHBOUND,PM PEAK,14
506327,1R,SOUTHBOUND,PM PEAK,22
506328,1R,SOUTHBOUND,PM PEAK,14
506329,1R,SOUTHBOUND,PM PEAK,16
506331,1R,SOUTHBOUND,PM PEAK,20
506332,1R,SOUTHBOUND,PM PEAK,19
506333,1R,SOUTHBOUND,PM PEAK,19
506376,1R,SOUTHBOUND,PM PEAK,13
506377,1R,SOUTHBOUND,PM PEAK,
506378,1R,SOUTHBOUND,PM PEAK,13
506379,1R,SOUTHBOUND,PM PEAK,13
506380,1R,SOUTHBOUND,PM PEAK,11
506381,1R,SOUTHBOUND,PM PEAK,
506382,1R,SOUTHBOUND,PM PEAK,2
506383,1R,SOUTHBOUND,PM PEAK,
506384,1R,SOUTHBOUND,PM PEAK,9
506401,1R,SOUTHBOUND,PM PEAK,
506402,1R,SOUTHBOUND,PM PEAK,2
506403,1R,SOUTHBOUND,PM PEAK,2
506404,1R,SOUTHBOUND,PM PEAK,
506405,1R,SOUTHBOUND,PM PEAK,
506406,1R,SOUTHBOUND,PM PEAK,
506407,1R,SOUTHBOUND,PM PEAK,
506409,1R,SOUTHBOUND,PM PEAK,
506410,1R,SOUTHBOUND,PM PEAK,2
506411,1R,SOUTHBOUND,PM PEAK,
506412,1R,SOUTHBOUND,PM PEAK,
506414,1R,SOUTHBOUND,PM PEAK,4
506415,1R,SOUTHBOUND,PM PEAK,
506416,1R,SOUTHBOUND,PM PEAK,3
506417,1R,SOUTHBOUND,PM PEAK,8
506419,1R,SOUTHBOUND,PM PEAK,
506420,1R,SOUTHBOUND,PM PEAK,
506422,1R,SOUTHBOUND,PM PEAK,4
506423,1R,SOUTHBOUND,PM PEAK,
506424,1R,SOUTHBOUND,PM PEAK,
506425,1R,SOUTHBOUND,PM PEAK,
506427,1R,SOUTHBOUND,PM PEAK,2
506428,1R,SOUTHBOUND,PM PEAK,2
506429,1R,SOUTHBOUND,PM PEAK,3
506430,1R,SOUTHBOUND,PM PEAK,3
506431,1R,SOUTHBOUND,PM PEAK,3
506432,1R,SOUTHBOUND,PM PEAK,3
506433,1R,SOUTHBOUND,PM PEAK,3
506434,1R,SOUTHBOUND,PM PEAK,3
506435,1R,SOUTHBOUND,PM PEAK,3
506436,1R,SOUTHBOUND,PM PEAK,3
506437,1R,SOUTHBOUND,PM PEAK,4
506438,1R,SOUTHBOUND,PM PEAK,4
506439,1R,SOUTHBOUND,PM PEAK,4
506440,1R,SOUTHBOUND,PM PEAK,7
506441,1R,SOUTHBOUND,PM PEAK,2
506442,1R,SOUTHBOUND,PM PEAK,10
506443,1R,SOUTHBOUND,PM PEAK,13
506444,1R,SOUTHBOUND,PM PEAK,3
506445,1R,SOUTHBOUND,PM PEAK,8
506449,1R,SOUTHBOUND,PM PEAK,14
506450,1R,SOUTHBOUND,PM PEAK,15
506477,1R,NORTHBOUND,MIDDAY,27
506478,1R,NORTHBOUND,MIDDAY,27
506479,1R,NORTHBOUND,MIDDAY,27
506480,1R,NORTHBOUND,MIDDAY,35
506482,1R,NORTHBOUND,MIDDAY,28
506483,1R,NORTHBOUND,MIDDAY,32
506484,1R,NORTHBOUND,MIDDAY,31
506485,1R,NORTHBOUND,MIDDAY,
506486,1R,NORTHBOUND,MIDDAY,35
506487,1R,NORTHBOUND,MIDDAY,36
506488,1R,NORTHBOUND,MIDDAY,36
506490,1R,NORTHBOUND,MIDDAY,36
506492,1R,NORTHBOUND,MIDDAY,36
506493,1R,NORTHBOUND,MIDDAY,35
506494,1R,NORTHBOUND,MIDDAY,34
506495,1R,NORTHBOUND,MIDDAY,19
506496,1R,NORTHBOUND,MIDDAY,33
506497,1R,NORTHBOUND,MIDDAY,32
506499,1R,NORTHBOUND,MIDDAY,
506500,1R,NORTHBOUND,MIDDAY,22
506701,1R,NORTHBOUND,AM PEAK,12
506702,1R,NORTHBOUND,AM PEAK,12
506703,1R,NORTHBOUND,AM PEAK,22
506704,1R,NORTHBOUND,AM PEAK,14
506705,1R,NORTHBOUND,AM PEAK,22
506707,1R,NORTHBOUND,AM PEAK,22
506708,1R,NORTHBOUND,AM PEAK,24
506709,1R,NORTHBOUND,AM PEAK,32
506710,1R,NORTHBOUND,AM PEAK,30
506711,1R,NORTHBOUND,AM PEAK,29
506712,1R,NORTHBOUND,AM PEAK,30
506713,1R,NORTHBOUND,AM PEAK,32
506714,1R,NORTHBOUND,AM PEAK,35
506716,1R,SOUTHBOUND,AM PEAK,11
506717,1R,SOUTHBOUND,AM PEAK,2
506718,1R,SOUTHBOUND,AM PEAK,16
506719,1R,SOUTHBOUND,AM PEAK,2
506720,1R,SOUTHBOUND,AM PEAK,2
506721,1R,SOUTHBOUND,AM PEAK,1
506722,1R,SOUTHBOUND,AM PEAK,6
506724,1R,SOUTHBOUND,AM PEAK,5
506725,1R,SOUTHBOUND,AM PEAK,15
506726,1R,NORTHBOUND,AM PEAK,1
506727,1R,NORTHBOUND,AM PEAK,1
506728,1R,NORTHBOUND,AM PEAK,
506729,1R,NORTHBOUND,AM PEAK,
506730,1R,NORTHBOUND,AM PEAK,
506732,1R,NORTHBOUND,AM PEAK,9
506733,1R,NORTHBOUND,AM PEAK,
506734,1R,NORTHBOUND,AM PEAK,8
506735,1R,NORTHBOUND,AM PEAK,
506736,1R,NORTHBOUND,AM PEAK,
506737,1R,NORTHBOUND,AM PEAK,9
506738,1R,NORTHBOUND,AM PEAK,11
506739,1R,NORTHBOUND,AM PEAK,17
506740,1R,NORTHBOUND,AM PEAK,
506741,1R,NORTHBOUND,AM PEAK,
506742,1R,NORTHBOUND,AM PEAK,26
506743,1R,NORTHBOUND,AM PEAK,26
506744,1R,NORTHBOUND,AM PEAK,28
506745,1R,NORTHBOUND,AM PEAK,28
506746,1R,NORTHBOUND,AM PEAK,
506747,1R,NORTHBOUND,AM PEAK,
506748,1R,NORTHBOUND,AM PEAK,
506749,1R,SOUTHBOUND,AM PEAK,4
506750,1R,SOUTHBOUND,AM PEAK,4
506751,1R,SOUTHBOUND,AM PEAK,8
506752,1R,SOUTHBOUND,AM PEAK,10
506753,1R,SOUTHBOUND,AM PEAK,12
506754,1R,SOUTHBOUND,AM PEAK,12
506755,1R,SOUTHBOUND,AM PEAK,13
506756,1R,SOUTHBOUND,AM PEAK,13
506757,1R,SOUTHBOUND,AM PEAK,3
506758,1R,SOUTHBOUND,AM PEAK,8
506759,1R,SOUTHBOUND,AM PEAK,22
506760,1R,NORTHBOUND,AM PEAK,1
506761,1R,NORTHBOUND,AM PEAK,1
506762,1R,NORTHBOUND,AM PEAK,1
506763,1R,NORTHBOUND,AM PEAK,1
506764,1R,NORTHBOUND,AM PEAK,2
506765,1R,NORTHBOUND,AM PEAK,1
506766,1R,NORTHBOUND,AM PEAK,2
506767,1R,NORTHBOUND,AM PEAK,2
506768,1R,NORTHBOUND,AM PEAK,3
506769,1R,NORTHBOUND,AM PEAK,6
506770,1R,NORTHBOUND,AM PEAK,6
506771,1R,NORTHBOUND,AM PEAK,8
506772,1R,NORTHBOUND,AM PEAK,8
506774,1R,NORTHBOUND,AM PEAK,9
506775,1R,NORTHBOUND,AM PEAK,9
506776,1R,NORTHBOUND,AM PEAK,9
506777,1R,NORTHBOUND,AM PEAK,9
506778,1R,NORTHBOUND,AM PEAK,10
506779,1R,NORTHBOUND,AM PEAK,11
506780,1R,NORTHBOUND,AM PEAK,12
506782,1R,NORTHBOUND,AM PEAK,24
506783,1R,NORTHBOUND,AM PEAK,11
506784,1R,NORTHBOUND,AM PEAK,13
506785,1R,NORTHBOUND,AM PEAK,15
506786,1R,NORTHBOUND,AM PEAK,15
506787,1R,NORTHBOUND,AM PEAK,10
506788,1R,NORTHBOUND,AM PEAK,16
506790,1R,NORTHBOUND,AM PEAK,17
506791,1R,NORTHBOUND,AM PEAK,18
506792,1R,NORTHBOUND,AM PEAK,19
506793,1R,NORTHBOUND,AM PEAK,19
506794,1R,NORTHBOUND,AM PEAK,21
506795,1R,NORTHBOUND,AM PEAK,23
506796,1R,NORTHBOUND,AM PEAK,16
506797,1R,NORTHBOUND,AM PEAK,15
506798,1R,NORTHBOUND,AM PEAK,26
506804,1R,NORTHBOUND,AM PEAK,35
506805,1R,NORTHBOUND,AM PEAK,33
506807,1R,SOUTHBOUND,MIDDAY,
506808,1R,SOUTHBOUND,MIDDAY,4
506809,1R,SOUTHBOUND,MIDDAY,
506811,1R,SOUTHBOUND,MIDDAY,13
506812,1R,SOUTHBOUND,MIDDAY,
506813,1R,SOUTHBOUND,MIDDAY,
506814,1R,SOUTHBOUND,MIDDAY,12
506815,1R,SOUTHBOUND,MIDDAY,
506816,1R,SOUTHBOUND,MIDDAY,
506817,1R,SOUTHBOUND,MIDDAY,2
506818,1R,SOUTHBOUND,MIDDAY,
506819,1R,SOUTHBOUND,MIDDAY,
506820,1R,SOUTHBOUND,MIDDAY,
506821,1R,SOUTHBOUND,MIDDAY,
506822,1R,SOUTHBOUND,MIDDAY,
506826,1R,SOUTHBOUND,PM PEAK,2
506827,1R,SOUTHBOUND,PM PEAK,2
506829,1R,SOUTHBOUND,PM PEAK,2
506830,1R,SOUTHBOUND,PM PEAK,2
506831,1R,SOUTHBOUND,PM PEAK,3
506832,1R,SOUTHBOUND,PM PEAK,3
506833,1R,SOUTHBOUND,PM PEAK,3
506834,1R,SOUTHBOUND,PM PEAK,10
506835,1R,SOUTHBOUND,PM PEAK,10
506836,1R,SOUTHBOUND,PM PEAK,7
506837,1R,SOUTHBOUND,PM PEAK,12
506838,1R,SOUTHBOUND,PM PEAK,1
506839,1R,SOUTHBOUND,PM PEAK,3
506840,1R,SOUTHBOUND,PM PEAK,13
506842,1R,SOUTHBOUND,PM PEAK,4
506843,1R,SOUTHBOUND,PM PEAK,11
506844,1R,SOUTHBOUND,PM PEAK,13
506845,1R,SOUTHBOUND,PM PEAK,13
506847,1R,SOUTHBOUND,PM PEAK,
506848,1R,NORTHBOUND,PM PEAK,3
506849,1R,NORTHBOUND,PM PEAK,2
506850,1R,NORTHBOUND,PM PEAK,6
506851,1R,NORTHBOUND,AM PEAK,9
506852,1R,NORTHBOUND,AM PEAK,
506853,1R,NORTHBOUND,AM PEAK,12
506854,1R,NORTHBOUND,AM PEAK,18
506855,1R,NORTHBOUND,AM PEAK,24
506856,1R,NORTHBOUND,AM PEAK,24
506857,1R,NORTHBOUND,AM PEAK,35
506858,1R,NORTHBOUND,AM PEAK,
506859,1R,NORTHBOUND,AM PEAK,35
506860,1R,NORTHBOUND,AM PEAK,32
506861,1R,NORTHBOUND,AM PEAK,35
506863,1R,NORTHBOUND,AM PEAK,32
506865,1R,NORTHBOUND,AM PEAK,37
506866,1R,SOUTHBOUND,AM PEAK,17
506868,1R,SOUTHBOUND,AM PEAK,17
506869,1R,SOUTHBOUND,AM PEAK,3
506870,1R,SOUTHBOUND,AM PEAK,4
506871,1R,SOUTHBOUND,AM PEAK,17
506872,1R,SOUTHBOUND,AM PEAK,17
506873,1R,SOUTHBOUND,AM PEAK,4
506874,1R,SOUTHBOUND,AM PEAK,2
506875,1R,SOUTHBOUND,AM PEAK,6
506877,1R,SOUTHBOUND,AM PEAK,4
506878,1R,SOUTHBOUND,AM PEAK,4
506879,1R,SOUTHBOUND,AM PEAK,2
506881,1R,SOUTHBOUND,AM PEAK,2
506882,1R,SOUTHBOUND,AM PEAK,25
506883,1R,SOUTHBOUND,AM PEAK,25
506884,1R,SOUTHBOUND,AM PEAK,17
506885,1R,SOUTHBOUND,AM PEAK,8
506886,1R,SOUTHBOUND,AM PEAK,25
506887,1R,SOUTHBOUND,AM PEAK,25
506888,1R,SOUTHBOUND,AM PEAK,17
506889,1R,SOUTHBOUND,AM PEAK,17
506890,1R,NORTHBOUND,AM PEAK,1
506891,1R,NORTHBOUND,AM PEAK,1
506892,1R,NORTHBOUND,AM PEAK,1
506893,1R,NORTHBOUND,AM PEAK,3
506894,1R,NORTHBOUND,AM PEAK,4
506895,1R,NORTHBOUND,AM PEAK,2
506896,1R,NORTHBOUND,AM PEAK,4
506899,1R,NORTHBOUND,AM PEAK,2
506900,1R,NORTHBOUND,AM PEAK,4
506901,1R,NORTHBOUND,AM PEAK,6
506903,1R,NORTHBOUND,AM PEAK,8
506904,1R,NORTHBOUND,AM PEAK,8
506905,1R,NORTHBOUND,AM PEAK,5
506906,1R,NORTHBOUND,AM PEAK,8
506907,1R,NORTHBOUND,AM PEAK,9
506908,1R,NORTHBOUND,AM PEAK,8
506909,1R,NORTHBOUND,AM PEAK,8
506910,1R,NORTHBOUND,AM PEAK,10
506911,1R,NORTHBOUND,AM PEAK,14
506912,1R,NORTHBOUND,AM PEAK,15
506914,1R,NORTHBOUND,AM PEAK,16
506915,1R,NORTHBOUND,AM PEAK,11
506916,1R,NORTHBOUND,AM PEAK,16
506917,1R,NORTHBOUND,AM PEAK,17
506918,1R,NORTHBOUND,AM PEAK,17
506919,1R,NORTHBOUND,AM PEAK,12
506920,1R,NORTHBOUND,AM PEAK,33
506922,1R,NORTHBOUND,AM PEAK,35
506923,1R,NORTHBOUND,AM PEAK,24
506926,1R,NORTHBOUND,AM PEAK,25
506927,1R,NORTHBOUND,AM PEAK,35
506928,1R,NORTHBOUND,AM PEAK,35
506929,1R,NORTHBOUND,AM PEAK,35
506932,1R,NORTHBOUND,AM PEAK,35
506933,1R,NORTHBOUND,AM PEAK,36
506935,1R,NORTHBOUND,AM PEAK,36
506936,1R,NORTHBOUND,AM PEAK,36
506938,1R,SOUTHBOUND,MIDDAY,1
506939,1R,SOUTHBOUND,MIDDAY,2
506940,1R,SOUTHBOUND,MIDDAY,5
506941,1R,SOUTHBOUND,MIDDAY,2
506942,1R,SOUTHBOUND,MIDDAY,8
506944,1R,SOUTHBOUND,MIDDAY,10
506945,1R,SOUTHBOUND,MIDDAY,13
506946,1R,SOUTHBOUND,MIDDAY,13
506947,1R,SOUTHBOUND,MIDDAY,13
506948,1R,SOUTHBOUND,MIDDAY,6
506949,1R,SOUTHBOUND,MIDDAY,8
506950,1R,SOUTHBOUND,MIDDAY,2
506951,1R,SOUTHBOUND,MIDDAY,10
506952,1R,SOUTHBOUND,MIDDAY,2
506953,1R,SOUTHBOUND,MIDDAY,10
506954,1R,SOUTHBOUND,MIDDAY,12
506955,1R,SOUTHBOUND,MIDDAY,10
506956,1R,SOUTHBOUND,MIDDAY,10
506957,1R,SOUTHBOUND,MIDDAY,10
506958,1R,SOUTHBOUND,MIDDAY,10
506959,1R,SOUTHBOUND,MIDDAY,13
506960,1R,SOUTHBOUND,MIDDAY,2
506961,1R,SOUTHBOUND,MIDDAY,12
506963,1R,SOUTHBOUND,MIDDAY,12
506964,1R,SOUTHBOUND,MIDDAY,12
506965,1R,SOUTHBOUND,MIDDAY,13
506966,1R,SOUTHBOUND,MIDDAY,13
506967,1R,SOUTHBOUND,MIDDAY,12
506968,1R,SOUTHBOUND,MIDDAY,13
506969,1R,SOUTHBOUND,MIDDAY,14
506970,1R,SOUTHBOUND,MIDDAY,14
506971,1R,NORTHBOUND,MIDDAY,12
506972,1R,SOUTHBOUND,MIDDAY,15
506973,1R,SOUTHBOUND,MIDDAY,9
506974,1R,SOUTHBOUND,MIDDAY,16
506975,1R,SOUTHBOUND,MIDDAY,2
507094,1R,NORTHBOUND,PM PEAK,1
507095,1R,NORTHBOUND,PM PEAK,
507096,1R,NORTHBOUND,PM PEAK,8
507097,1R,NORTHBOUND,PM PEAK,
507098,1R,NORTHBOUND,PM PEAK,4
507099,1R,NORTHBOUND,PM PEAK,8
507100,1R,NORTHBOUND,PM PEAK,20
507101,1R,NORTHBOUND,PM PEAK,
507104,1R,NORTHBOUND,PM PEAK,
507105,1R,NORTHBOUND,PM PEAK,
507106,1R,NORTHBOUND,PM PEAK,
507107,1R,NORTHBOUND,PM PEAK,
507108,1R,NORTHBOUND,PM PEAK,
507109,1R,NORTHBOUND,PM PEAK,16
507110,1R,NORTHBOUND,PM PEAK,16
507111,1R,NORTHBOUND,PM PEAK,
507112,1R,NORTHBOUND,PM PEAK,
507113,1R,NORTHBOUND,PM PEAK,
507114,1R,NORTHBOUND,PM PEAK,
507115,1R,NORTHBOUND,PM PEAK,25
507116,1R,NORTHBOUND,PM PEAK,
507117,1R,NORTHBOUND,PM PEAK,
507118,1R,NORTHBOUND,PM PEAK,25
507119,1R,NORTHBOUND,PM PEAK,
507120,1R,NORTHBOUND,PM PEAK,
507121,1R,NORTHBOUND,PM PEAK,
507122,1R,NORTHBOUND,PM PEAK,
507123,1R,NORTHBOUND,PM PEAK,
507124,1R,SOUTHBOUND,PM PEAK,
507125,1R,SOUTHBOUND,PM PEAK,
507212,1R,NORTHBOUND,MIDDAY,10
507214,1R,NORTHBOUND,MIDDAY,7
507215,1R,NORTHBOUND,MIDDAY,6
507216,1R,NORTHBOUND,MIDDAY,16
507217,1R,NORTHBOUND,MIDDAY,3
507218,1R,NORTHBOUND,MIDDAY,10
507219,1R,NORTHBOUND,MIDDAY,11
507220,1R,NORTHBOUND,MIDDAY,13
507221,1R,NORTHBOUND,MIDDAY,13
507222,1R,NORTHBOUND,MIDDAY,16
507223,1R,NORTHBOUND,MIDDAY,17
507224,1R,NORTHBOUND,MIDDAY,30
507225,1R,NORTHBOUND,MIDDAY,23
507226,1R,NORTHBOUND,PM PEAK,6
507227,1R,NORTHBOUND,PM PEAK,8
507229,1R,NORTHBOUND,PM PEAK,8
507230,1R,NORTHBOUND,PM PEAK,8
507231,1R,NORTHBOUND,PM PEAK,18
507232,1R,NORTHBOUND,PM PEAK,10
507233,1R,NORTHBOUND,PM PEAK,10
507234,1R,NORTHBOUND,PM PEAK,12
507235,1R,NORTHBOUND,PM PEAK,18
507236,1R,NORTHBOUND,PM PEAK,18
507237,1R,NORTHBOUND,PM PEAK,22
507238,1R,NORTHBOUND,PM PEAK,22
507239,1R,NORTHBOUND,PM PEAK,22
507240,1R,NORTHBOUND,PM PEAK,22
507241,1R,NORTHBOUND,PM PEAK,23
507242,1R,NORTHBOUND,PM PEAK,22
507243,1R,NORTHBOUND,PM PEAK,22
507244,1R,NORTHBOUND,PM PEAK,22
507245,1R,NORTHBOUND,PM PEAK,22
507246,1R,NORTHBOUND,PM PEAK,21
507247,1R,NORTHBOUND,PM PEAK,29
507248,1R,NORTHBOUND,PM PEAK,
507250,1R,SOUTHBOUND,NIGHT,2
507277,1R,NORTHBOUND,MIDDAY,26
507278,1R,NORTHBOUND,MIDDAY,26
507279,1R,NORTHBOUND,MIDDAY,28
507280,1R,NORTHBOUND,MIDDAY,27
507281,1R,NORTHBOUND,MIDDAY,29
507282,1R,NORTHBOUND,MIDDAY,28
507283,1R,NORTHBOUND,MIDDAY,29
507284,1R,NORTHBOUND,MIDDAY,37
507285,1R,NORTHBOUND,MIDDAY,37
507286,1R,NORTHBOUND,MIDDAY,33
507289,1R,SOUTHBOUND,MIDDAY,2
507290,1R,SOUTHBOUND,MIDDAY,1
507291,1R,SOUTHBOUND,MIDDAY,3
507292,1R,SOUTHBOUND,MIDDAY,3
507293,1R,SOUTHBOUND,MIDDAY,4
507294,1R,SOUTHBOUND,MIDDAY,4
507295,1R,SOUTHBOUND,MIDDAY,3
507298,1R,SOUTHBOUND,MIDDAY,2
507300,1R,SOUTHBOUND,MIDDAY,6
507301,1R,SOUTHBOUND,MIDDAY,5
507302,1R,SOUTHBOUND,MIDDAY,13
507303,1R,SOUTHBOUND,MIDDAY,2
507304,1R,SOUTHBOUND,MIDDAY,
507305,1R,SOUTHBOUND,MIDDAY,3
507307,1R,SOUTHBOUND,MIDDAY,11
507308,1R,SOUTHBOUND,MIDDAY,
507309,1R,SOUTHBOUND,MIDDAY,5
507310,1R,SOUTHBOUND,MIDDAY,20
507311,1R,NORTHBOUND,MIDDAY,1
507312,1R,NORTHBOUND,MIDDAY,1
507313,1R,NORTHBOUND,MIDDAY,1
507314,1R,NORTHBOUND,MIDDAY,2
507315,1R,NORTHBOUND,MIDDAY,3
507316,1R,NORTHBOUND,MIDDAY,3
507317,1R,NORTHBOUND,MIDDAY,6
507318,1R,NORTHBOUND,MIDDAY,7
507319,1R,NORTHBOUND,MIDDAY,
507320,1R,NORTHBOUND,MIDDAY,9
507321,1R,NORTHBOUND,MIDDAY,11
507323,1R,NORTHBOUND,MIDDAY,19
507324,1R,NORTHBOUND,MIDDAY,21
507353,1R,NORTHBOUND,MIDDAY,23
507354,1R,NORTHBOUND,MIDDAY,16
507355,1R,NORTHBOUND,MIDDAY,16
507356,1R,NORTHBOUND,MIDDAY,11
507359,1R,NORTHBOUND,MIDDAY,9
507360,1R,NORTHBOUND,MIDDAY,16
507361,1R,NORTHBOUND,MIDDAY,24
507362,1R,NORTHBOUND,MIDDAY,16
507363,1R,NORTHBOUND,MIDDAY,11
507365,1R,NORTHBOUND,MIDDAY,12
507366,1R,NORTHBOUND,MIDDAY,17
507367,1R,NORTHBOUND,MIDDAY,
507369,1R,NORTHBOUND,MIDDAY,17
507370,1R,NORTHBOUND,MIDDAY,24
507371,1R,NORTHBOUND,MIDDAY,18
507372,1R,NORTHBOUND,MIDDAY,24
507373,1R,NORTHBOUND,MIDDAY,24
507374,1R,NORTHBOUND,MIDDAY,22
507375,1R,NORTHBOUND,MIDDAY,25
507377,1R,SOUTHBOUND,NIGHT,10
507378,1R,SOUTHBOUND,NIGHT,4
507379,1R,SOUTHBOUND,NIGHT,9
507380,1R,SOUTHBOUND,NIGHT,12
507381,1R,SOUTHBOUND,NIGHT,12
507382,1R,SOUTHBOUND,NIGHT,9
507384,1R,SOUTHBOUND,NIGHT,7
507385,1R,SOUTHBOUND,NIGHT,13
507387,1R,SOUTHBOUND,NIGHT,17
508567,1R,NORTHBOUND,AM PEAK,9
508585,1R,SOUTHBOUND,MIDDAY,10
509072,1R,NORTHBOUND,AM PEAK,4
509835,1R,NORTHBOUND,AM PEAK,14
510073,1R,NORTHBOUND,AM PEAK,35
511315,1R,SOUTHBOUND,PM PEAK,4
511952,1R,NORTHBOUND,PM PEAK,14
516964,1R,SOUTHBOUND,AM PEAK,10
518072,1R,SOUTHBOUND,MIDDAY,4
518900,1R,SOUTHBOUND,AM PEAK,7
519014,1R,NORTHBOUND,MIDDAY,1
519016,1R,NORTHBOUND,MIDDAY,6
519017,1R,NORTHBOUND,MIDDAY,2
519018,1R,NORTHBOUND,MIDDAY,4
519019,1R,NORTHBOUND,MIDDAY,4
519021,1R,NORTHBOUND,MIDDAY,4
519022,1R,NORTHBOUND,MIDDAY,7
519023,1R,NORTHBOUND,MIDDAY,7
519024,1R,NORTHBOUND,MIDDAY,7
519291,1R,SOUTHBOUND,MIDDAY,13
519426,1R,NORTHBOUND,PM PEAK,29
519428,1R,SOUTHBOUND,PM PEAK,
519429,1R,SOUTHBOUND,PM PEAK,
519430,1R,SOUTHBOUND,PM PEAK,1
519431,1R,SOUTHBOUND,PM PEAK,
519433,1R,SOUTHBOUND,PM PEAK,2
519434,1R,SOUTHBOUND,PM PEAK,
519435,1R,SOUTHBOUND,PM PEAK,
519436,1R,SOUTHBOUND,PM PEAK,4
519437,1R,SOUTHBOUND,PM PEAK,2
519438,1R,SOUTHBOUND,PM PEAK,
519439,1R,SOUTHBOUND,PM PEAK,5
519441,1R,SOUTHBOUND,PM PEAK,
519442,1R,SOUTHBOUND,PM PEAK,13
519443,1R,SOUTHBOUND,PM PEAK,2
519452,1R,NORTHBOUND,MIDDAY,
519453,1R,NORTHBOUND,MIDDAY,
519454,1R,NORTHBOUND,MIDDAY,
519455,1R,NORTHBOUND,MIDDAY,
519456,1R,NORTHBOUND,MIDDAY,12
519457,1R,NORTHBOUND,MIDDAY,
519458,1R,NORTHBOUND,MIDDAY,
519459,1R,NORTHBOUND,MIDDAY,14
519460,1R,NORTHBOUND,MIDDAY,32
519461,1R,NORTHBOUND,MIDDAY,
519462,1R,NORTHBOUND,MIDDAY,
519463,1R,NORTHBOUND,MIDDAY,
519464,1R,NORTHBOUND,MIDDAY,
519465,1R,NORTHBOUND,MIDDAY,24
519466,1R,NORTHBOUND,MIDDAY,31
519468,1R,NORTHBOUND,MIDDAY,
519470,1R,NORTHBOUND,MIDDAY,
519471,1R,NORTHBOUND,MIDDAY,
519472,1R,SOUTHBOUND,MIDDAY,2
519473,1R,SOUTHBOUND,MIDDAY,2
519474,1R,SOUTHBOUND,MIDDAY,2
519475,1R,SOUTHBOUND,MIDDAY,
519676,1R,NORTHBOUND,AM PEAK,29
519680,1R,SOUTHBOUND,AM PEAK,
519681,1R,SOUTHBOUND,AM PEAK,
519682,1R,SOUTHBOUND,AM PEAK,
519683,1R,SOUTHBOUND,AM PEAK,
519684,1R,SOUTHBOUND,AM PEAK,1
519685,1R,SOUTHBOUND,AM PEAK,
519686,1R,SOUTHBOUND,AM PEAK,
519687,1R,SOUTHBOUND,AM PEAK,
519688,1R,SOUTHBOUND,AM PEAK,
519689,1R,SOUTHBOUND,AM PEAK,
519690,1R,SOUTHBOUND,AM PEAK,
519691,1R,SOUTHBOUND,AM PEAK,
519692,1R,SOUTHBOUND,AM PEAK,10
519693,1R,SOUTHBOUND,AM PEAK,
519694,1R,SOUTHBOUND,AM PEAK,
519695,1R,SOUTHBOUND,AM PEAK,
519696,1R,SOUTHBOUND,AM PEAK,
519697,1R,NORTHBOUND,MIDDAY,
519698,1R,NORTHBOUND,MIDDAY,
519699,1R,NORTHBOUND,MIDDAY,1
519700,1R,NORTHBOUND,MIDDAY,
519718,1R,NORTHBOUND,AM PEAK,1
519719,1R,NORTHBOUND,AM PEAK,1
519720,1R,NORTHBOUND,AM PEAK,1
519721,1R,NORTHBOUND,AM PEAK,2
519722,1R,NORTHBOUND,AM PEAK,
519723,1R,NORTHBOUND,AM PEAK,6
519724,1R,NORTHBOUND,AM PEAK,
519725,1R,NORTHBOUND,AM PEAK,
519726,1R,NORTHBOUND,AM PEAK,
519727,1R,NORTHBOUND,AM PEAK,28
519728,1R,NORTHBOUND,AM PEAK,
519729,1R,SOUTHBOUND,AM PEAK,3
519730,1R,SOUTHBOUND,AM PEAK,
519731,1R,SOUTHBOUND,AM PEAK,
519732,1R,SOUTHBOUND,AM PEAK,7
519734,1R,SOUTHBOUND,AM PEAK,1
519735,1R,SOUTHBOUND,AM PEAK,15
519736,1R,SOUTHBOUND,AM PEAK,9
519737,1R,SOUTHBOUND,AM PEAK,
519738,1R,SOUTHBOUND,AM PEAK,25
519739,1R,SOUTHBOUND,AM PEAK,14
519740,1R,SOUTHBOUND,AM PEAK,14
519741,1R,NORTHBOUND,MIDDAY,1
519742,1R,NORTHBOUND,MIDDAY,
519743,1R,NORTHBOUND,MIDDAY,
519744,1R,NORTHBOUND,MIDDAY,8
519745,1R,NORTHBOUND,MIDDAY,
519747,1R,NORTHBOUND,MIDDAY,18
519748,1R,NORTHBOUND,MIDDAY,
519749,1R,NORTHBOUND,MIDDAY,
519750,1R,NORTHBOUND,MIDDAY,
519808,1R,NORTHBOUND,AM PEAK,1
519809,1R,NORTHBOUND,AM PEAK,1
519810,1R,NORTHBOUND,AM PEAK,1
519811,1R,NORTHBOUND,AM PEAK,
519812,1R,NORTHBOUND,AM PEAK,3
519813,1R,NORTHBOUND,AM PEAK,7
519814,1R,NORTHBOUND,AM PEAK,8
519815,1R,NORTHBOUND,AM PEAK,
519816,1R,NORTHBOUND,AM PEAK,
519817,1R,NORTHBOUND,AM PEAK,
519818,1R,NORTHBOUND,AM PEAK,
519819,1R,NORTHBOUND,AM PEAK,
519820,1R,NORTHBOUND,AM PEAK,
519821,1R,NORTHBOUND,AM PEAK,
519822,1R,NORTHBOUND,AM PEAK,
519823,1R,NORTHBOUND,AM PEAK,
519824,1R,NORTHBOUND,AM PEAK,
519825,1R,NORTHBOUND,AM PEAK,29
519902,1R,SOUTHBOUND,AM PEAK,12
519903,1R,SOUTHBOUND,AM PEAK,13
519904,1R,SOUTHBOUND,AM PEAK,13
519905,1R,SOUTHBOUND,AM PEAK,10
519906,1R,SOUTHBOUND,AM PEAK,15
519907,1R,SOUTHBOUND,AM PEAK,15
519908,1R,SOUTHBOUND,AM PEAK,15
519909,1R,SOUTHBOUND,AM PEAK,16
519910,1R,SOUTHBOUND,AM PEAK,15
519911,1R,SOUTHBOUND,AM PEAK,24
519912,1R,SOUTHBOUND,AM PEAK,22
519913,1R,SOUTHBOUND,AM PEAK,22
519914,1R,NORTHBOUND,AM PEAK,1
519915,1R,NORTHBOUND,AM PEAK,1
519916,1R,NORTHBOUND,AM PEAK,2
519917,1R,NORTHBOUND,AM PEAK,2
519918,1R,NORTHBOUND,AM PEAK,6
519920,1R,NORTHBOUND,AM PEAK,9
519921,1R,NORTHBOUND,AM PEAK,9
519922,1R,NORTHBOUND,AM PEAK,11
519923,1R,NORTHBOUND,AM PEAK,12
519924,1R,NORTHBOUND,AM PEAK,14
519925,1R,NORTHBOUND,AM PEAK,12
519938,1R,NORTHBOUND,AM PEAK,4
519939,1R,NORTHBOUND,AM PEAK,7
519940,1R,NORTHBOUND,AM PEAK,9
519941,1R,NORTHBOUND,AM PEAK,9
519942,1R,NORTHBOUND,AM PEAK,10
519943,1R,NORTHBOUND,AM PEAK,10
519944,1R,NORTHBOUND,AM PEAK,12
519945,1R,NORTHBOUND,AM PEAK,12
519946,1R,NORTHBOUND,AM PEAK,14
519947,1R,NORTHBOUND,AM PEAK,14
519948,1R,NORTHBOUND,AM PEAK,15
519949,1R,NORTHBOUND,AM PEAK,22
519950,1R,NORTHBOUND,AM PEAK,24
519963,1R,NORTHBOUND,MIDDAY,1
519964,1R,NORTHBOUND,MIDDAY,
519965,1R,NORTHBOUND,MIDDAY,
519966,1R,NORTHBOUND,MIDDAY,
519967,1R,NORTHBOUND,MIDDAY,
519969,1R,NORTHBOUND,MIDDAY,
519970,1R,NORTHBOUND,MIDDAY,
519971,1R,NORTHBOUND,MIDDAY,10
519972,1R,NORTHBOUND,MIDDAY,
519973,1R,NORTHBOUND,MIDDAY,11
519974,1R,NORTHBOUND,MIDDAY,
519975,1R,NORTHBOUND,MIDDAY,
520026,1R,SOUTHBOUND,MIDDAY,13
520027,1R,SOUTHBOUND,MIDDAY,14
520028,1R,SOUTHBOUND,MIDDAY,15
520029,1R,SOUTHBOUND,MIDDAY,17
520030,1R,SOUTHBOUND,MIDDAY,20
520051,1R,NORTHBOUND,AM PEAK,24
520052,1R,NORTHBOUND,AM PEAK,25
520053,1R,NORTHBOUND,AM PEAK,29
520054,1R,NORTHBOUND,AM PEAK,31
520055,1R,SOUTHBOUND,MIDDAY,2
520056,1R,SOUTHBOUND,MIDDAY,2
520057,1R,SOUTHBOUND,MIDDAY,3
520058,1R,SOUTHBOUND,MIDDAY,2
520059,1R,SOUTHBOUND,MIDDAY,3
520060,1R,SOUTHBOUND,MIDDAY,4
520061,1R,SOUTHBOUND,MIDDAY,5
520062,1R,SOUTHBOUND,MIDDAY,6
520063,1R,SOUTHBOUND,MIDDAY,3
520065,1R,SOUTHBOUND,MIDDAY,5
520066,1R,SOUTHBOUND,MIDDAY,8
520067,1R,SOUTHBOUND,MIDDAY,9
520068,1R,SOUTHBOUND,MIDDAY,10
520069,1R,SOUTHBOUND,MIDDAY,3
520070,1R,SOUTHBOUND,MIDDAY,2
520071,1R,SOUTHBOUND,MIDDAY,5
520072,1R,SOUTHBOUND,MIDDAY,5
520073,1R,SOUTHBOUND,MIDDAY,7
520074,1R,SOUTHBOUND,MIDDAY,4
520075,1R,SOUTHBOUND,MIDDAY,10
520101,1R,NORTHBOUND,AM PEAK,9
520102,1R,NORTHBOUND,AM PEAK,
520103,1R,NORTHBOUND,AM PEAK,
520104,1R,NORTHBOUND,AM PEAK,
520105,1R,NORTHBOUND,AM PEAK,
520106,1R,NORTHBOUND,AM PEAK,10
520107,1R,NORTHBOUND,AM PEAK,
520108,1R,NORTHBOUND,AM PEAK,8
520109,1R,NORTHBOUND,AM PEAK,
520110,1R,NORTHBOUND,AM PEAK,8
520111,1R,NORTHBOUND,AM PEAK,
520112,1R,NORTHBOUND,AM PEAK,
520113,1R,NORTHBOUND,AM PEAK,10
520114,1R,NORTHBOUND,AM PEAK,
520115,1R,NORTHBOUND,AM PEAK,14
520116,1R,NORTHBOUND,AM PEAK,
520117,1R,NORTHBOUND,AM PEAK,17
520118,1R,NORTHBOUND,AM PEAK,
520119,1R,NORTHBOUND,AM PEAK,
520120,1R,NORTHBOUND,AM PEAK,18
520121,1R,NORTHBOUND,AM PEAK,
520122,1R,NORTHBOUND,AM PEAK,
520123,1R,NORTHBOUND,AM PEAK,19
520124,1R,NORTHBOUND,AM PEAK,
520125,1R,NORTHBOUND,AM PEAK,
520129,1R,NORTHBOUND,MIDDAY,
520131,1R,NORTHBOUND,MIDDAY,35
520132,1R,NORTHBOUND,MIDDAY,
520134,1R,SOUTHBOUND,MIDDAY,
520135,1R,SOUTHBOUND,MIDDAY,
520136,1R,SOUTHBOUND,MIDDAY,2
520137,1R,SOUTHBOUND,MIDDAY,2
520139,1R,SOUTHBOUND,MIDDAY,
520141,1R,SOUTHBOUND,MIDDAY,
520142,1R,SOUTHBOUND,MIDDAY,9
520143,1R,SOUTHBOUND,MIDDAY,
520144,1R,SOUTHBOUND,MIDDAY,
520145,1R,SOUTHBOUND,MIDDAY,
520146,1R,SOUTHBOUND,MIDDAY,18
520147,1R,SOUTHBOUND,MIDDAY,10
520148,1R,SOUTHBOUND,MIDDAY,
520149,1R,SOUTHBOUND,MIDDAY,5
520150,1R,SOUTHBOUND,MIDDAY,9
520151,1R,NORTHBOUND,MIDDAY,
520152,1R,NORTHBOUND,MIDDAY,
520153,1R,NORTHBOUND,MIDDAY,4
520155,1R,NORTHBOUND,MIDDAY,
520156,1R,NORTHBOUND,MIDDAY,
520157,1R,NORTHBOUND,MIDDAY,
520158,1R,NORTHBOUND,MIDDAY,11
520159,1R,NORTHBOUND,MIDDAY,
520161,1R,NORTHBOUND,MIDDAY,
520162,1R,NORTHBOUND,MIDDAY,
520163,1R,NORTHBOUND,MIDDAY,
520164,1R,NORTHBOUND,MIDDAY,
520165,1R,NORTHBOUND,MIDDAY,
520168,1R,NORTHBOUND,MIDDAY,
520169,1R,NORTHBOUND,MIDDAY,
520170,1R,NORTHBOUND,MIDDAY,31
520171,1R,NORTHBOUND,MIDDAY,25
520172,1R,NORTHBOUND,MIDDAY,2
520173,1R,NORTHBOUND,MIDDAY,
520174,1R,NORTHBOUND,MIDDAY,
520176,1R,SOUTHBOUND,MIDDAY,2
520177,1R,SOUTHBOUND,MIDDAY,
520179,1R,SOUTHBOUND,MIDDAY,
520180,1R,SOUTHBOUND,MIDDAY,
520181,1R,SOUTHBOUND,MIDDAY,
520183,1R,SOUTHBOUND,MIDDAY,7
520184,1R,SOUTHBOUND,MIDDAY,
520185,1R,SOUTHBOUND,MIDDAY,
520186,1R,SOUTHBOUND,MIDDAY,10
520187,1R,SOUTHBOUND,MIDDAY,
520188,1R,SOUTHBOUND,MIDDAY,13
520190,1R,SOUTHBOUND,MIDDAY,13
520191,1R,SOUTHBOUND,MIDDAY,
520192,1R,SOUTHBOUND,MIDDAY,12
520193,1R,SOUTHBOUND,MIDDAY,
520194,1R,SOUTHBOUND,MIDDAY,3
520195,1R,SOUTHBOUND,MIDDAY,
520196,1R,SOUTHBOUND,MIDDAY,
520197,1R,SOUTHBOUND,MIDDAY,
520198,1R,SOUTHBOUND,MIDDAY,
520199,1R,SOUTHBOUND,MIDDAY,
520200,1R,SOUTHBOUND,MIDDAY,
520202,1R,NORTHBOUND,AM PEAK,27
520203,1R,NORTHBOUND,AM PEAK,31
520204,1R,NORTHBOUND,AM PEAK,32
520205,1R,NORTHBOUND,AM PEAK,33
520207,1R,SOUTHBOUND,AM PEAK,2
520209,1R,SOUTHBOUND,AM PEAK,4
520210,1R,SOUTHBOUND,AM PEAK,4
520211,1R,SOUTHBOUND,AM PEAK,4
520212,1R,SOUTHBOUND,AM PEAK,5
520213,1R,SOUTHBOUND,AM PEAK,6
520214,1R,SOUTHBOUND,AM PEAK,6
520215,1R,SOUTHBOUND,AM PEAK,6
520216,1R,SOUTHBOUND,AM PEAK,7
520217,1R,SOUTHBOUND,AM PEAK,8
520218,1R,SOUTHBOUND,AM PEAK,8
520220,1R,SOUTHBOUND,AM PEAK,3
520221,1R,SOUTHBOUND,AM PEAK,5
520222,1R,SOUTHBOUND,AM PEAK,9
520223,1R,SOUTHBOUND,AM PEAK,8
520224,1R,SOUTHBOUND,AM PEAK,10
520225,1R,SOUTHBOUND,AM PEAK,11
520226,1R,NORTHBOUND,MIDDAY,
520227,1R,NORTHBOUND,MIDDAY,
520228,1R,NORTHBOUND,MIDDAY,1
520229,1R,NORTHBOUND,MIDDAY,1
520230,1R,NORTHBOUND,MIDDAY,4
520231,1R,NORTHBOUND,MIDDAY,
520232,1R,NORTHBOUND,MIDDAY,14
520233,1R,NORTHBOUND,MIDDAY,12
520234,1R,NORTHBOUND,MIDDAY,11
520235,1R,NORTHBOUND,MIDDAY,
520236,1R,NORTHBOUND,MIDDAY,
520237,1R,NORTHBOUND,MIDDAY,
520238,1R,NORTHBOUND,MIDDAY,17
520239,1R,NORTHBOUND,MIDDAY,
520240,1R,NORTHBOUND,MIDDAY,
520241,1R,SOUTHBOUND,MIDDAY,2
520242,1R,SOUTHBOUND,MIDDAY,25
520243,1R,SOUTHBOUND,MIDDAY,
520245,1R,SOUTHBOUND,MIDDAY,10
520246,1R,SOUTHBOUND,MIDDAY,1
520247,1R,SOUTHBOUND,MIDDAY,
520248,1R,SOUTHBOUND,MIDDAY,5
520249,1R,SOUTHBOUND,MIDDAY,2
520250,1R,SOUTHBOUND,MIDDAY,
520276,1R,SOUTHBOUND,MIDDAY,11
520277,1R,SOUTHBOUND,MIDDAY,12
520278,1R,SOUTHBOUND,MIDDAY,2
520279,1R,SOUTHBOUND,MIDDAY,2
520280,1R,SOUTHBOUND,MIDDAY,
520281,1R,SOUTHBOUND,MIDDAY,2
520282,1R,SOUTHBOUND,MIDDAY,3
520283,1R,SOUTHBOUND,MIDDAY,7
520284,1R,SOUTHBOUND,MIDDAY,4
520286,1R,SOUTHBOUND,MIDDAY,9
520287,1R,SOUTHBOUND,MIDDAY,11
520288,1R,SOUTHBOUND,MIDDAY,11
520289,1R,SOUTHBOUND,MIDDAY,13
520290,1R,SOUTHBOUND,MIDDAY,22
520291,1R,NORTHBOUND,MIDDAY,12
520292,1R,NORTHBOUND,MIDDAY,10
520293,1R,NORTHBOUND,MIDDAY,12
520294,1R,NORTHBOUND,MIDDAY,1
520295,1R,NORTHBOUND,MIDDAY,1
520296,1R,NORTHBOUND,MIDDAY,12
520298,1R,NORTHBOUND,MIDDAY,1
520299,1R,NORTHBOUND,MIDDAY,15
520300,1R,NORTHBOUND,MIDDAY,8
520301,1R,SOUTHBOUND,MIDDAY,
520302,1R,SOUTHBOUND,MIDDAY,
520303,1R,SOUTHBOUND,MIDDAY,
520304,1R,SOUTHBOUND,MIDDAY,
520305,1R,SOUTHBOUND,MIDDAY,
520326,1R,SOUTHBOUND,MIDDAY,13
520327,1R,SOUTHBOUND,MIDDAY,12
520328,1R,SOUTHBOUND,MIDDAY,
520329,1R,SOUTHBOUND,MIDDAY,
520330,1R,SOUTHBOUND,MIDDAY,10
520331,1R,SOUTHBOUND,MIDDAY,
520332,1R,SOUTHBOUND,MIDDAY,
520333,1R,SOUTHBOUND,MIDDAY,6
520334,1R,SOUTHBOUND,MIDDAY,
520335,1R,SOUTHBOUND,MIDDAY,
520336,1R,SOUTHBOUND,MIDDAY,10
520376,1R,NORTHBOUND,MIDDAY,8
520377,1R,NORTHBOUND,MIDDAY,25
520378,1R,NORTHBOUND,MIDDAY,7
520379,1R,NORTHBOUND,MIDDAY,17
520380,1R,NORTHBOUND,MIDDAY,14
520381,1R,NORTHBOUND,MIDDAY,19
520383,1R,NORTHBOUND,MIDDAY,18
520384,1R,NORTHBOUND,MIDDAY,21
520385,1R,NORTHBOUND,MIDDAY,23
520386,1R,NORTHBOUND,MIDDAY,24
520387,1R,NORTHBOUND,MIDDAY,25
520388,1R,NORTHBOUND,MIDDAY,27
520389,1R,NORTHBOUND,MIDDAY,29
520390,1R,NORTHBOUND,MIDDAY,27
520391,1R,NORTHBOUND,MIDDAY,30
520392,1R,NORTHBOUND,MIDDAY,29
520393,1R,NORTHBOUND,MIDDAY,36
520394,1R,NORTHBOUND,MIDDAY,36
520395,1R,NORTHBOUND,MIDDAY,36
520398,1R,SOUTHBOUND,MIDDAY,7
520399,1R,SOUTHBOUND,MIDDAY,7
520400,1R,SOUTHBOUND,MIDDAY,9
520503,1R,NORTHBOUND,MIDDAY,16
520504,1R,NORTHBOUND,MIDDAY,16
520505,1R,NORTHBOUND,MIDDAY,18
520507,1R,NORTHBOUND,MIDDAY,13
520508,1R,NORTHBOUND,MIDDAY,21
520509,1R,NORTHBOUND,MIDDAY,21
520510,1R,NORTHBOUND,MIDDAY,21
520511,1R,NORTHBOUND,MIDDAY,26
520514,1R,NORTHBOUND,MIDDAY,36
520515,1R,NORTHBOUND,MIDDAY,33
520516,1R,NORTHBOUND,MIDDAY,33
520518,1R,NORTHBOUND,MIDDAY,33
520519,1R,NORTHBOUND,MIDDAY,30
520520,1R,NORTHBOUND,MIDDAY,
520521,1R,NORTHBOUND,MIDDAY,36
520522,1R,SOUTHBOUND,PM PEAK,2
520523,1R,SOUTHBOUND,PM PEAK,2
520525,1R,SOUTHBOUND,PM PEAK,4
520526,1R,SOUTHBOUND,PM PEAK,4
520527,1R,SOUTHBOUND,PM PEAK,4
520528,1R,SOUTHBOUND,PM PEAK,4
520545,1R,NORTHBOUND,MIDDAY,1
520551,1R,SOUTHBOUND,MIDDAY,
520552,1R,SOUTHBOUND,MIDDAY,
520553,1R,SOUTHBOUND,MIDDAY,14
520554,1R,SOUTHBOUND,MIDDAY,
520555,1R,SOUTHBOUND,MIDDAY,
520556,1R,SOUTHBOUND,MIDDAY,15
520558,1R,SOUTHBOUND,MIDDAY,
520560,1R,NORTHBOUND,PM PEAK,
520561,1R,NORTHBOUND,PM PEAK,
520562,1R,NORTHBOUND,PM PEAK,3
520563,1R,NORTHBOUND,PM PEAK,
520564,1R,NORTHBOUND,PM PEAK,
520565,1R,NORTHBOUND,PM PEAK,
520566,1R,NORTHBOUND,PM PEAK,
520568,1R,NORTHBOUND,PM PEAK,
520570,1R,NORTHBOUND,PM PEAK,16
520571,1R,NORTHBOUND,PM PEAK,16
520572,1R,NORTHBOUND,PM PEAK,
520574,1R,NORTHBOUND,PM PEAK,
520575,1R,NORTHBOUND,PM PEAK,26
520576,1R,NORTHBOUND,MIDDAY,
520577,1R,NORTHBOUND,MIDDAY,16
520578,1R,NORTHBOUND,MIDDAY,16
520579,1R,NORTHBOUND,MIDDAY,
520580,1R,NORTHBOUND,MIDDAY,
520581,1R,SOUTHBOUND,MIDDAY,2
520582,1R,NORTHBOUND,MIDDAY,
520583,1R,NORTHBOUND,MIDDAY,
520584,1R,NORTHBOUND,MIDDAY,16
520585,1R,NORTHBOUND,MIDDAY,
520586,1R,NORTHBOUND,MIDDAY,
520587,1R,NORTHBOUND,MIDDAY,25
520588,1R,NORTHBOUND,MIDDAY,
520589,1R,NORTHBOUND,MIDDAY,
520590,1R,NORTHBOUND,MIDDAY,
520591,1R,NORTHBOUND,MIDDAY,33
520592,1R,NORTHBOUND,MIDDAY,
520593,1R,NORTHBOUND,MIDDAY,
520594,1R,NORTHBOUND,MIDDAY,
520595,1R,SOUTHBOUND,MIDDAY,1
520596,1R,SOUTHBOUND,MIDDAY,
520597,1R,SOUTHBOUND,MIDDAY,
520598,1R,SOUTHBOUND,MIDDAY,
520599,1R,SOUTHBOUND,MIDDAY,8
520600,1R,SOUTHBOUND,MIDDAY,4
520601,1R,SOUTHBOUND,MIDDAY,
520602,1R,SOUTHBOUND,MIDDAY,3
520604,1R,SOUTHBOUND,MIDDAY,
520605,1R,SOUTHBOUND,MIDDAY,10
520607,1R,SOUTHBOUND,MIDDAY,
520609,1R,SOUTHBOUND,MIDDAY,
520611,1R,SOUTHBOUND,MIDDAY,
520613,1R,SOUTHBOUND,MIDDAY,
520614,1R,SOUTHBOUND,MIDDAY,
520615,1R,SOUTHBOUND,MIDDAY,
520616,1R,NORTHBOUND,PM PEAK,
520617,1R,NORTHBOUND,PM PEAK,
520618,1R,NORTHBOUND,PM PEAK,
520619,1R,NORTHBOUND,PM PEAK,9
520620,1R,NORTHBOUND,PM PEAK,
520621,1R,NORTHBOUND,PM PEAK,
520623,1R,NORTHBOUND,PM PEAK,
520624,1R,NORTHBOUND,PM PEAK,4
520625,1R,NORTHBOUND,PM PEAK,
520626,1R,NORTHBOUND,PM PEAK,4
520627,1R,NORTHBOUND,PM PEAK,5
520628,1R,NORTHBOUND,PM PEAK,7
520629,1R,NORTHBOUND,PM PEAK,
520630,1R,NORTHBOUND,PM PEAK,
520631,1R,NORTHBOUND,PM PEAK,10
520632,1R,NORTHBOUND,PM PEAK,16
520633,1R,NORTHBOUND,PM PEAK,
520634,1R,NORTHBOUND,PM PEAK,6
520635,1R,NORTHBOUND,PM PEAK,
520637,1R,NORTHBOUND,PM PEAK,
520638,1R,NORTHBOUND,PM PEAK,
520639,1R,NORTHBOUND,PM PEAK,
520640,1R,NORTHBOUND,PM PEAK,
520641,1R,NORTHBOUND,PM PEAK,
520642,1R,NORTHBOUND,PM PEAK,
520643,1R,NORTHBOUND,PM PEAK,
520644,1R,SOUTHBOUND,PM PEAK,1
520645,1R,SOUTHBOUND,PM PEAK,
520646,1R,SOUTHBOUND,PM PEAK,
520647,1R,SOUTHBOUND,PM PEAK,
520648,1R,SOUTHBOUND,PM PEAK,
520649,1R,SOUTHBOUND,PM PEAK,
520650,1R,SOUTHBOUND,PM PEAK,13
520651,1R,SOUTHBOUND,PM PEAK,
520652,1R,SOUTHBOUND,PM PEAK,
520653,1R,SOUTHBOUND,PM PEAK,5
520654,1R,SOUTHBOUND,PM PEAK,
520655,1R,SOUTHBOUND,PM PEAK,12
520656,1R,SOUTHBOUND,PM PEAK,12
520657,1R,SOUTHBOUND,PM PEAK,
520658,1R,SOUTHBOUND,PM PEAK,
521091,1R,SOUTHBOUND,AM PEAK,13
521779,1R,NORTHBOUND,AM PEAK,30
522423,1R,SOUTHBOUND,MIDDAY,13
524263,1R,SOUTHBOUND,MIDDAY,2
525311,1R,NORTHBOUND,AM PEAK,9
526185,1R,NORTHBOUND,AM PEAK,
526186,1R,NORTHBOUND,AM PEAK,
526187,1R,NORTHBOUND,AM PEAK,8
526188,1R,NORTHBOUND,AM PEAK,8
526189,1R,SOUTHBOUND,AM PEAK,
526192,1R,SOUTHBOUND,AM PEAK,
526193,1R,SOUTHBOUND,AM PEAK,6
526194,1R,SOUTHBOUND,AM PEAK,
526195,1R,SOUTHBOUND,AM PEAK,8
526196,1R,SOUTHBOUND,AM PEAK,8
526197,1R,SOUTHBOUND,AM PEAK,13
526198,1R,SOUTHBOUND,AM PEAK,
526199,1R,SOUTHBOUND,AM PEAK,
526200,1R,SOUTHBOUND,AM PEAK,
529991,1R,SOUTHBOUND,AM PEAK,
529992,1R,SOUTHBOUND,AM PEAK,
530554,1R,SOUTHBOUND,MIDDAY,18
531066,1R,NORTHBOUND,PM PEAK,2
531067,1R,NORTHBOUND,PM PEAK,
531068,1R,NORTHBOUND,PM PEAK,
531069,1R,NORTHBOUND,PM PEAK,
531070,1R,NORTHBOUND,PM PEAK,
531071,1R,NORTHBOUND,PM PEAK,16
531072,1R,NORTHBOUND,PM PEAK,
531073,1R,NORTHBOUND,PM PEAK,
531074,1R,NORTHBOUND,PM PEAK,
531075,1R,SOUTHBOUND,PM PEAK,2
531213,1R,NORTHBOUND,PM PEAK,1
531215,1R,NORTHBOUND,PM PEAK,
531216,1R,NORTHBOUND,PM PEAK,22
531217,1R,SOUTHBOUND,PM PEAK,
531218,1R,SOUTHBOUND,PM PEAK,
531219,1R,SOUTHBOUND,PM PEAK,
531220,1R,SOUTHBOUND,PM PEAK,4
531221,1R,SOUTHBOUND,PM PEAK,
531223,1R,SOUTHBOUND,PM PEAK,9
531224,1R,SOUTHBOUND,PM PEAK,
531225,1R,SOUTHBOUND,PM PEAK,
531501,1R,SOUTHBOUND,PM PEAK,
531502,1R,SOUTHBOUND,PM PEAK,9
531503,1R,SOUTHBOUND,PM PEAK,
531504,1R,SOUTHBOUND,PM PEAK,13
531505,1R,SOUTHBOUND,PM PEAK,2
531507,1R,SOUTHBOUND,PM PEAK,7
531508,1R,SOUTHBOUND,PM PEAK,
531510,1R,SOUTHBOUND,PM PEAK,
531511,1R,SOUTHBOUND,PM PEAK,
531960,1R,NORTHBOUND,PM PEAK,
531961,1R,NORTHBOUND,PM PEAK,
531962,1R,NORTHBOUND,PM PEAK,2
531963,1R,NORTHBOUND,PM PEAK,
531964,1R,NORTHBOUND,PM PEAK,
531965,1R,NORTHBOUND,PM PEAK,18
531966,1R,NORTHBOUND,PM PEAK,
531967,1R,NORTHBOUND,PM PEAK,21
531968,1R,NORTHBOUND,PM PEAK,
531969,1R,NORTHBOUND,PM PEAK,
531970,1R,NORTHBOUND,PM PEAK,
531971,1R,NORTHBOUND,PM PEAK,
531972,1R,NORTHBOUND,PM PEAK,
531973,1R,NORTHBOUND,PM PEAK,
531974,1R,NORTHBOUND,PM PEAK,5
531975,1R,NORTHBOUND,PM PEAK,
532426,1R,NORTHBOUND,PM PEAK,
532427,1R,NORTHBOUND,PM PEAK,
532428,1R,NORTHBOUND,PM PEAK,
532429,1R,NORTHBOUND,PM PEAK,
532430,1R,NORTHBOUND,PM PEAK,
532431,1R,NORTHBOUND,PM PEAK,
532432,1R,NORTHBOUND,PM PEAK,
532433,1R,NORTHBOUND,PM PEAK,
532434,1R,NORTHBOUND,PM PEAK,
532435,1R,NORTHBOUND,PM PEAK,
532436,1R,NORTHBOUND,PM PEAK,
532437,1R,NORTHBOUND,PM PEAK,36
532438,1R,NORTHBOUND,PM PEAK,27
532439,1R,NORTHBOUND,PM PEAK,16
532440,1R,NORTHBOUND,PM PEAK,
532441,1R,NORTHBOUND,PM PEAK,26
532442,1R,NORTHBOUND,PM PEAK,27
532443,1R,NORTHBOUND,PM PEAK,
532444,1R,NORTHBOUND,PM PEAK,
532445,1R,NORTHBOUND,PM PEAK,
532446,1R,NORTHBOUND,PM PEAK,
532447,1R,SOUTHBOUND,PM PEAK,
532449,1R,SOUTHBOUND,PM PEAK,
532450,1R,SOUTHBOUND,PM PEAK,
533182,1R,NORTHBOUND,MIDDAY,9
533376,1R,SOUTHBOUND,PM PEAK,
533377,1R,SOUTHBOUND,PM PEAK,2
533378,1R,SOUTHBOUND,PM PEAK,2
533379,1R,SOUTHBOUND,PM PEAK,
533380,1R,SOUTHBOUND,PM PEAK,2
533381,1R,SOUTHBOUND,PM PEAK,
533382,1R,SOUTHBOUND,PM PEAK,
533383,1R,SOUTHBOUND,PM PEAK,12
533384,1R,SOUTHBOUND,PM PEAK,12
533385,1R,SOUTHBOUND,PM PEAK,
533386,1R,SOUTHBOUND,PM PEAK,10
533387,1R,SOUTHBOUND,PM PEAK,
533388,1R,SOUTHBOUND,PM PEAK,
533389,1R,SOUTHBOUND,PM PEAK,
533390,1R,SOUTHBOUND,PM PEAK,
533391,1R,SOUTHBOUND,PM PEAK,
533392,1R,SOUTHBOUND,PM PEAK,
533393,1R,SOUTHBOUND,PM PEAK,
533394,1R,SOUTHBOUND,PM PEAK,
589031,1R,SOUTHBOUND,PM PEAK,
589032,1R,SOUTHBOUND,PM PEAK,
589033,1R,SOUTHBOUND,PM PEAK,
589034,1R,SOUTHBOUND,PM PEAK,
589035,1R,SOUTHBOUND,PM PEAK,
589036,1R,SOUTHBOUND,PM PEAK,
589037,1R,SOUTHBOUND,PM PEAK,
589038,1R,SOUTHBOUND,PM PEAK,3
589039,1R,SOUTHBOUND,PM PEAK,
589040,1R,SOUTHBOUND,PM PEAK,4
589041,1R,SOUTHBOUND,PM PEAK,4
589042,1R,SOUTHBOUND,PM PEAK,4
589043,1R,SOUTHBOUND,PM PEAK,
589044,1R,SOUTHBOUND,PM PEAK,
589046,1R,SOUTHBOUND,PM PEAK,
589047,1R,SOUTHBOUND,PM PEAK,
589048,1R,SOUTHBOUND,PM PEAK,
589049,1R,SOUTHBOUND,PM PEAK,
589050,1R,SOUTHBOUND,PM PEAK,
589164,1R,SOUTHBOUND,AM PEAK,10
589220,1R,SOUTHBOUND,PM PEAK,10
589530,1R,NORTHBOUND,AM PEAK,1
589531,1R,NORTHBOUND,AM PEAK,
589590,1R,SOUTHBOUND,MIDDAY,
589835,1R,NORTHBOUND,AM PEAK,1
589836,1R,NORTHBOUND,AM PEAK,
589837,1R,SOUTHBOUND,AM PEAK,11
589838,1R,NORTHBOUND,AM PEAK,1
589839,1R,NORTHBOUND,AM PEAK,2
589840,1R,NORTHBOUND,AM PEAK,3
589841,1R,NORTHBOUND,AM PEAK,22
589842,1R,NORTHBOUND,AM PEAK,6
589850,1R,SOUTHBOUND,MIDDAY,
